Scientific_name,Konza_species_code,family,genus,species,growth_form,life_form,origin,photo,SLA,avg_height,X,citation,Site,Experiment,Abbreviation,Year,block,plotID,Species_code,USDA_symbol,FAMILY,COT,DUR,LF,DLF,HT,CLO,ORIGIN,Variety,Notes,Citation
Acalypha virginica,156,euphorbiaceae,acalypha,virginica,a,f,n,.,NA,NA,NA,NA,KNZ,UnburnUnmow,KNZ-5,1999,1,57,acalyp virgi .,ACVI,EUPHORBIACEAE,DC,A,F,NL,B,O,NATIVE,,,"E. Cleland, Elsa; Clark, Chris M.; L. Collins, Scott; E. Fargione, Joseph; Gough, Laura; L. Gross, Katherine; et al. (2016). Data Paper. Data Paper. Wiley. Dataset. https://doi.org/10.6084/m9.figshare.3529277.v1"
Achillea millefolium,44,asteraceae,achillea,millefolium,p,f,n,.,NA,NA,NA,NA,CDR,C,CDR-1,1999,NA,33,Achimill,ACMIL3,ASTERACEAE,DC,P,F,NL,M,R,NATIVE,,,
Ambrosia artemisiifolia,211,asteraceae,ambrosia,artemisiifolia,a,f,n,.,NA,NA,NA,NA,KBS,Tilled,KBS-1,1992,2,2710,AMBEL,AMAR2,ASTERACEAE,DC,A,F,NL,U,O,NON-NATIVE,,,
Ambrosia psilostachya,46,asteraceae,ambrosia,psilostachya,p,f,n,.,NA,NA,NA,NA,KNZ,LowlandNoWater,KNZ-1,2003,1,NA,Ambrosia psilostachya,AMPS,ASTERACEAE,DC,P,F,NL,B,R,NATIVE,,,
Ambrosia trifida,160,asteraceae,ambrosia,trifida,a,f,n,.,NA,NA,NA,NA,KNZ,UnburnUnmow,KNZ-5,1999,1,38,ambros trifi .,AMTR,ASTERACEAE,DC,A,F,NL,U,O,NATIVE,,,
Amorpha canescens,40,fabaceae,amorpha,canescens,p,w,n,.,NA,NA,NA,NA,KNZ,UplandNoWater,KNZ-3,2003,1,NA,Amorpha canescens,AMCA6,FABACEAE,DC,P,S,L,M,O,NATIVE,,,
Antennaria neglecta,49,asteraceae,antennaria,neglecta,p,f,n,.,NA,NA,NA,NA,KNZ,UnburnUnmow,KNZ-5,1999,1,2,antenn negle .,ANNE,ASTERACEAE,DC,P,F,NL,B,R,NATIVE,,,
Apocynum cannabinum,50,apocynaceae,apocynum,cannabinum,p,f,n,.,NA,NA,NA,NA,KBS,Tilled,KBS-1,1992,3,3710,APCCA,APCA,APOCYNACEAE,DC,P,F,NL,U,R,NATIVE,,,
Argemone polyanthemos,51,papaveraceae,argemone,polyanthemos,a,f,n,.,NA,NA,NA,NA,SGS,Water,SGS-2,2000,1,1115,Cover_of_Arpo,ARPO2,PAPAVERACEAE,DC,A,F,NL,U,O,NATIVE,,,
Artemisia ludoviciana,52,asteraceae,artemisia,ludoviciana,p,f,n,.,NA,NA,NA,NA,CDR,C,CDR-1,1999,NA,18,Arteludo,ARLU,ASTERACEAE,DC,P,S,DW,M,R,NATIVE,,,
Asclepias sullivantii,265,asclepiadaceae,asclepias,sullivantii,p,f,n,.,NA,NA,NA,NA,KNZ,UnburnUnmow,KNZ-5,1999,1,38,asclep sulli .,ASSU3,ASCLEPIADACEAE,DC,P,F,NL,M,O,NATIVE,,,
Asclepias syriaca,161,asclepiadaceae,asclepias,syriaca,p,f,n,.,NA,NA,NA,NA,CDR,C,CDR-1,1999,NA,30,Asclsyri,ASSY,ASCLEPIADACEAE,DC,P,F,NL,U,O,NATIVE,,,
Asclepias tuberosa,57,asclepiadaceae,asclepias,tuberosa,p,f,n,.,NA,NA,NA,NA,CDR,C,CDR-1,2001,NA,1,Ascltube,ASTU,ASCLEPIADACEAE,DC,P,F,NL,M,C,NATIVE,,,
Asclepias verticillata,55,asclepiadaceae,asclepias,verticillata,p,f,n,.,NA,NA,NA,NA,KNZ,LowlandNoWater,KNZ-1,2003,1,NA,Asclepias verticillata,ASVE,ASCLEPIADACEAE,DC,P,F,NL,M,O,NATIVE,,,
Asclepias viridiflora,152,asclepiadaceae,asclepias,viridiflora,p,f,n,.,NA,NA,NA,NA,KNZ,UnburnUnmow,KNZ-5,1999,1,1,asclep virdf .,ASVI,ASCLEPIADACEAE,DC,P,F,NL,B,O,NATIVE,,,
Asclepias viridis,56,asclepiadaceae,asclepias,viridis,p,f,n,.,NA,NA,NA,NA,KNZ,LowlandNoWater,KNZ-1,2003,1,NA,Asclepias viridis,ASVI2,ASCLEPIADACEAE,DC,P,F,NL,B,O,NATIVE,,,
Astragalus crassicarpus,61,fabaceae,astragalus,crassicarpus,p,f,n,.,NA,NA,NA,NA,KNZ,UnburnMowed,KNZ-6,1999,2,7,astrag crass cras,ASCRC3,FABACEAE,DC,P,F,L,B,O,NATIVE,,,
Chenopodium album,166,amaranthaceae,chenopodium,album,a,f,i,.,NA,NA,NA,NA,CDR,C,CDR-1,2001,NA,1,Chenalbu,CHAL7,CHENOPODIACEAE,DC,A,F,NL,B,O,NON-NATIVE,,,
Chenopodium berlandieri,246,amaranthaceae,chenopodium,berlandieri,a,f,n,.,NA,NA,NA,NA,KNZ,UnburnUnmow,KNZ-5,1999,1,18,chenop berla .,CHBE4,CHENOPODIACEAE,DC,A,F,NL,M,O,NATIVE,,,
Cirsium altissimum,407,asteraceae,cirsium,altissimum,b,f,n,.,NA,NA,NA,NA,KNZ,UnburnUnmow,KNZ-5,1999,1,20,cirsiu altis .,CIAL2,ASTERACEAE,DC,B,F,NL,B,O,NATIVE,,,
Cirsium undulatum,70,asteraceae,cirsium,undulatum,p,f,n,.,NA,NA,NA,NA,SGS,Water,SGS-2,2000,2,1115,Cover_of_Ciun,CIUN,ASTERACEAE,DC,P,F,NL,U,O,NATIVE,,,
Convolvulus arvensis,291,convolvulaceae,convolvulus,arvensis,p,f,i,.,NA,NA,NA,NA,JRG,Nowater,JRG-1,1999,27,3,Convolvulus arvensis,COAR4,CONVOLULACEAE,DC,P,F,NL,B,O,NON-NATIVE,,,
Conyza canadensis,71,asteraceae,conyza,canadensis,a,f,n,.,NA,NA,NA,NA,KNZ,LowlandNoWater,KNZ-1,2003,1,NA,Conyza canadensis,COCA5,ASTERACEAE,DC,A,F,NL,M,O,NATIVE,,,
Cornus drummondii,164,cornaceae,cornus,drummondii,p,w,n,.,NA,NA,NA,NA,KNZ,UplandWater,KNZ-4,2003,6,NA,Cornus drummondii,CODR,CORNACEAE,DC,P,S,DW,U,R,NATIVE,,,
Croton monanthogynus,72,euphorbiaceae,croton,monanthogynus,a,f,n,.,NA,NA,NA,NA,KNZ,UnburnUnmow,KNZ-5,1999,1,1,croton monan .,CRMO6,EUPHORBIACEAE,DC,A,F,NL,B,O,NATIVE,,,
Cuscuta glomerata,431,cuscutaceae,cuscuta,glomerata,a,f,n,.,NA,NA,NA,NA,KNZ,UnburnUnmow,KNZ-5,1999,1,57,cuscut glome .,CUGL3,CUSCUTACEAE,DC,A,F,NL,U,R,NATIVE,,"non-photosynthetic, parasitic vine",
Dalea candida,106,fabaceae,dalea,candida,p,f,n,.,NA,NA,NA,NA,KNZ,LowlandNoWater,KNZ-1,2003,1,NA,Dalea candida,DACA7,FABACEAE,DC,P,F,L,M,O,NATIVE,,,
Dalea multiflora,107,fabaceae,dalea,multiflora,p,f,n,.,NA,NA,NA,NA,KNZ,UnburnUnmow,KNZ-5,1999,2,19,dalea  multi .,DAMU,FABACEAE,DC,P,F,L,B,O,NATIVE,,,
Dalea purpurea,109,fabaceae,dalea,purpurea,p,f,n,.,NA,NA,NA,NA,KNZ,LowlandWater,KNZ-2,2003,3,NA,Dalea purpurea,DAPU5,FABACEAE,DC,P,F,L,M,O,NATIVE,,,
Descurainia pinnata,74,brassicaceae,descurainia,pinnata,a,f,n,.,NA,NA,NA,NA,SEV,Desertgrass,SEV,2004,2,1,DEPI,DEPIB,BRASSICACEAE,DC,A,F,NL,U,O,NATIVE,,,
Desmanthus illinoensis,321,fabaceae,desmanthus,illinoensis,p,f,n,.,NA,NA,NA,NA,KNZ,BurnedMowed,KNZ-8,1999,1,46,desman illin .,DEIL,FABACEAE,DC,P,F,L,B,O,NATIVE,,,
Desmodium illinoense,145,fabaceae,desmodium,illinoense,p,f,n,.,NA,NA,NA,NA,KNZ,LowlandNoWater,KNZ-1,2003,1,NA,Desmodium illinoense,DEIL2,FABACEAE,DC,P,F,L,M,O,NATIVE,,,
Desmodium sessilifolium,434,fabaceae,desmodium,sessilifolium,p,f,n,.,NA,NA,NA,NA,KNZ,UnburnMowed,KNZ-6,1999,1,22,desmod sessi .,DESE,FABACEAE,DC,P,F,L,M,O,NATIVE,,,
Erigeron annuus,475,asteraceae,erigeron,annuus,a,f,n,.,NA,NA,NA,NA,KBS,Tilled,KBS-1,1993,1,1710,ERIAN,ERAN,ASTERACEAE,DC,A,F,NL,M,O,NATIVE,,,
Erigeron strigosus,77,asteraceae,erigeron,strigosus,a,f,n,.,NA,NA,NA,NA,CDR,C,CDR-1,2000,NA,18,Erigstri,ERST3,ASTERACEAE,DC,A,F,NL,U,O,NATIVE,,,
Euphorbia marginata,78,euphorbiaceae,euphorbia,marginata,a,f,n,.,NA,NA,NA,NA,KNZ,UnburnUnmow,KNZ-5,1999,1,57,euphor margi .,UMA8,EUPHORBIACEAE,DC,A,F,NL,U,O,NATIVE,,,
Galium aparine,142,rubiaceae,galium,aparine,a,f,n,.,NA,NA,NA,NA,KNZ,UnburnUnmow,KNZ-5,1999,1,57,galium apari .,GAAP2,RUBIACEAE,DC,A,F,NL,B,O,NATIVE,,,
Geranium carolinianum,81,geraniaceae,geranium,carolinianum,a,f,n,.,NA,NA,NA,NA,KNZ,UnburnMowed,KNZ-6,1999,2,63,gerani carol .,GECA5,GERANIACEAE,DC,A,F,NL,B,O,NATIVE,,,
Geum canadense,357,rosaceae,geum,canadense,p,f,n,.,NA,NA,NA,NA,KBS,Untilled,KBS-2,1997,2,2700,GEUCA,GECA7,ROSACEAE,DC,P,F,NL,M,R,NATIVE,,,
Grindelia squarrosa,183,asteraceae,grindelia,squarrosa,b,f,n,.,NA,NA,NA,NA,SGS,Water,SGS-2,2000,2,1924,Cover_of_Grsq,GRSQ,ASTERACEAE,DC,P,F,NL,U,O,NATIVE,,,
Hedeoma hispida,82,lamiaceae,hedeoma,hispida,a,f,n,.,NA,NA,NA,NA,CDR,A,CDR-3,1999,NA,33,Hedehisp,HEHI,LAMIACEAE,DC,A,F,NL,B,O,NATIVE,,,
Helianthus annuus,217,asteraceae,helianthus,annuus,a,f,n,.,NA,NA,NA,NA,KNZ,UnburnUnmow,KNZ-5,1999,1,57,helian annuu .,HEAN3,ASTERACEAE,DC,A,F,NL,U,O,NATIVE,,,
Hieracium longipilum,83,asteraceae,hieracium,longipilum,p,f,n,.,NA,NA,NA,NA,CDR,C,CDR-1,2001,NA,28,Hierlong,HILO2,ASTERACEAE,DC,B,F,NL,B,O,NATIVE,,,
Juniperus virginiana,293,cupressaceae,juniperus,virginiana,p,w,n,.,NA,NA,NA,NA,KNZ,UnburnUnmow,KNZ-5,1999,2,3,junipe virgi .,JUVI,CUPRESSACEAE,DC,P,S,EW,U,O,NATIVE,,,
Kummerowia stipulacea,151,fabaceae,kummerowia,stipulacea,a,f,i,.,NA,NA,NA,NA,KNZ,UnburnUnmow,KNZ-5,1999,1,2,lesped stipu .,KUST,FABACEAE,DC,A,F,L,M,O,NON-NATIVE,,,
Lactuca canadensis,273,asteraceae,lactuca,canadensis,b,f,n,.,NA,NA,NA,NA,CDR,D,CDR-4,1999,NA,33,Lactcana,LACA,ASTERACEAE,DC,B,F,NL,M,O,NATIVE,,,
Lactuca ludoviciana,470,asteraceae,lactuca,ludoviciana,b,f,n,.,NA,NA,NA,NA,KNZ,UnburnUnmow,KNZ-5,1999,2,37,lactuc ludov .,LALU,ASTERACEAE,DC,B,F,NL,M,O,NATIVE,,,
Lactuca serriola,87,asteraceae,lactuca,serriola,a,f,i,.,NA,NA,NA,NA,KBS,Tilled,KBS-1,1993,4,4710,LACSE,LASE,ASTERACEAE,DC,A,F,NL,M,O,NON-NATIVE,,,
Lepidium densiflorum,89,brassicaceae,lepidium,densiflorum,a,f,i,.,NA,NA,NA,NA,KNZ,UnburnUnmow,KNZ-5,1999,1,40,lepidi densi .,LEDE,BRASSICACEAE,DC,A,F,NL,B,O,NATIVE,,,
Lespedeza capitata,90,fabaceae,lespedeza,capitata,p,f,n,.,NA,NA,NA,NA,CDR,B,CDR-2,1999,NA,21,Lespcapi,LECA8,FABACEAE,DC,P,F,L,U,O,NATIVE,,,
Lespedeza violacea,143,fabaceae,lespedeza,violacea,p,f,n,.,NA,NA,NA,NA,KNZ,LowlandNoWater,KNZ-1,2003,1,NA,Lespedeza violacea,LEVI6,FABACEAE,DC,P,F,L,B,C,NATIVE,,,
Liatris punctata,91,asteraceae,liatris,punctata,p,f,n,.,NA,NA,NA,NA,KNZ,UplandWater,KNZ-4,2003,1,NA,Liatris punctata,LIPU,ASTERACEAE,DC,P,F,NL,M,O,NATIVE,,,
Linum sulcatum,92,linaceae,linum,sulcatum,a,f,n,.,NA,NA,NA,NA,KNZ,UnburnUnmow,KNZ-5,1999,1,2,linum  sulca .,LISU4,LINACEAE,DC,A,F,NL,M,O,NATIVE,,,
Lithospermum incisum,93,boraginaceae,lithospermum,incisum,p,f,n,.,NA,NA,NA,NA,SGS,Nowater,SGS-1,2000,2,1125,Cover_of_Liin,LIIN2,BORAGINACEAE,DC,P,F,NL,M,O,NATIVE,,,
Medicago lupulina,163,fabaceae,medicago,lupulina,a,f,i,.,NA,NA,NA,NA,KBS,Untilled,KBS-2,2001,5,5700,MEDLU,MELU,FABACEAE,DC,A,F,L,M,O,NON-NATIVE,,,
Melilotus officinalis,186,fabaceae,melilotus,officinalis,b,f,i,.,NA,NA,NA,NA,KBS,Untilled,KBS-2,1992,2,2700,MEUOF,MEOF,FABACEAE,DC,B,F,L,M,O,NON-NATIVE,,,
Mirabilis linearis,253,nyctaginaceae,mirabilis,linearis,p,f,n,.,NA,NA,NA,NA,KNZ,UnburnUnmow,KNZ-5,1999,1,57,mirabi linea .,MILI3,NYCTAGINACEAE,DC,P,F,NL,M,O,NATIVE,,,
Mirabilis nyctaginea,202,nyctaginaceae,mirabilis,nyctaginea,p,f,n,.,NA,NA,NA,NA,KNZ,UnburnUnmow,KNZ-5,1999,1,40,mirabi nycta .,MINY,NYCTAGINACEAE,DC,P,F,NL,M,O,NATIVE,,,
Monarda fistulosa,255,lamiaceae,monarda,fistulosa,a,f,n,.,NA,NA,NA,NA,KNZ,UnburnUnmow,KNZ-5,1999,1,2,monard fistu fist,MOFI,LAMIACEAE,DC,P,F,NL,M,O,NATIVE,,,
Oenothera biennis,100,onagraceae,oenothera,biennis,b,f,n,.,NA,NA,NA,NA,KBS,Untilled,KBS-2,1997,4,4700,OEOBI,OEBI,ONAGRACEAE,DC,B,F,NL,U,O,NATIVE,,,
Oenothera speciosa,99,onagraceae,oenothera,speciosa,p,f,n,.,NA,NA,NA,NA,KNZ,UnburnUnmow,KNZ-5,1999,1,38,oenoth speci .,OESP2,ONAGRACEAE,DC,P,F,NL,B,O,NATIVE,,,
Oxalis stricta,102,oxalidaceae,oxalis,stricta,p,f,n,.,NA,NA,NA,NA,KBS,Tilled,KBS-1,1993,5,5711,OXAST,OXST,OXALIDACEAE,DC,P,F,NL,B,R,NATIVE,,,
Oxalis violacea,103,oxalidaceae,oxalis,violacea,p,f,n,.,NA,NA,NA,NA,KNZ,UplandNoWater,KNZ-3,2003,4,NA,Oxalis violacea,OXVI,OXALIDACEAE,DC,P,F,NL,B,R,NATIVE,,,
Packera plattensis,123,asteraceae,packera,plattensis,b,f,n,.,NA,NA,NA,NA,KNZ,UnburnMowed,KNZ-6,1999,1,6,seneci platt .,PAPL12,ASTERACEAE,DC,B,F,NL,B,O,NATIVE,,,
Parietaria pensylvanica,159,urticaceae,parietaria,pensylvanica,a,f,n,.,NA,NA,NA,NA,KNZ,UnburnUnmow,KNZ-5,1999,2,4,pariet pensy .,PAPE5,URTICACEAE,DC,A,F,NL,B,O,NATIVE,,,
Physalis heterophylla,194,solanaceae,physalis,heterophylla,p,f,n,.,NA,NA,NA,NA,CDR,A,CDR-3,1999,NA,9,Physhete,PHHE5,SOLANACEAE,DC,P,F,NL,M,O,NATIVE,,,
Physalis pumila,111,solanaceae,physalis,pumila,p,f,n,.,NA,NA,NA,NA,KNZ,UplandNoWater,KNZ-3,2003,1,NA,Physalis pumila,PHPU8,SOLANACEAE,DC,P,F,NL,B,O,NATIVE,,,
Physalis virginiana,112,solanaceae,physalis,virginiana,p,f,n,.,NA,NA,NA,NA,KNZ,UplandNoWater,KNZ-3,2003,2,NA,Physalis virginiana,PHVI5,SOLANACEAE,DC,P,F,NL,B,O,NATIVE,,,
Plantago rhodosperma,114,plantaginaceae,plantago,rhodosperma,a,f,n,.,NA,NA,NA,NA,KNZ,UnburnMowed,KNZ-6,1999,1,34,planta rhodo .,PLRH,PLANTAGINACEAE,DC,A,F,NL,B,O,NATIVE,,,
Polygala verticillata,115,polygalaceae,polygala,verticillata,a,f,n,.,NA,NA,NA,NA,KNZ,UnburnMowed,KNZ-6,1999,2,7,polyga verti .,POVE,POLYGALACEAE,DC,A,F,NL,M,O,NATIVE,,,
Polygonum aviculare,531,polygonaceae,polygonum,aviculare,a,f,i,.,NA,NA,NA,NA,KBS,Tilled,KBS-1,1996,1,1710,POLAV,POAV,POLYGONACEAE,DC,A,F,NL,B,O,NON-NATIVE,,"You could consider this species a clonal annual because it has a spralling, runner-type morphology",
Polygonum tenue,333,polygonaceae,polygonum,tenue,a,f,n,.,NA,NA,NA,NA,CDR,C,CDR-1,1999,NA,54,Polytenu,POTE2,POLYGONACEAE,DC,A,F,NL,B,O,NATIVE,,,
Ratibida columnifera,118,asteraceae,ratibida,columnifera,p,f,n,.,NA,NA,NA,NA,SGS,Nowater,SGS-1,2000,1,2219,Cover_of_Raco,RACO3,ASTERACEAE,DC,P,F,NL,U,O,NATIVE,,,
Rhus glabra,234,anacardiaceae,rhus,glabra,p,w,n,.,NA,NA,NA,NA,CDR,B,CDR-2,1999,NA,51,Rhusglab,RHGL,ANACARDIACEAE,DC,P,S,DW,U,R,NATIVE,,,
Rosa arkansana,42,rosaceae,rosa,arkansana,p,w,n,.,NA,NA,NA,NA,CDR,C,CDR-1,1999,NA,53,Rosaarka,ROAR3,ROSACEAE,DC,P,S,DW,M,C,NATIVE,,,
Rubus occidentalis,507,rosaceae,rubus,occidentalis,p,w,n,.,NA,NA,NA,NA,KBS,Untilled,KBS-2,1995,4,4701,RUBOC,RUOC,ROSACEAE,DC,P,S,DW,U,R,NATIVE,,,
Ruellia humilis,120,acanthaceae,ruellia,humilis,p,f,n,.,NA,NA,NA,NA,KNZ,UplandNoWater,KNZ-3,2003,2,NA,Ruellia humilis,RUHU,ACANTHACEAE,DC,P,F,NL,M,O,NATIVE,,,
Rumex crispus,177,polygonaceae,rumex,crispus,p,f,i,.,NA,NA,NA,NA,KBS,Tilled,KBS-1,1996,3,3711,RUMCR,RUCR,POLYGONACEAE,DC,P,F,NL,M,O,NON-NATIVE,,,
Salvia azurea,121,lamiaceae,salvia,azurea,p,f,n,.,NA,NA,NA,NA,KNZ,BurnUnmowed,KNZ-7,1999,1,13,salvia azure .,SAAZ,LAMIACEAE,DC,P,F,NL,U,R,NATIVE,,,
Silene antirrhina,124,caryophyllaceae,silene,antirrhina,a,f,n,.,NA,NA,NA,NA,KNZ,UnburnUnmow,KNZ-5,1999,2,17,silene antir .,SIAN2,CARYOPHYLLACEAE,DC,A,F,NL,B,O,NATIVE,,,
Sisyrinchium campestre,125,iridaceae,sisyrinchium,campestre,p,m,n,.,NA,NA,NA,NA,CDR,D,CDR-4,1999,NA,34,Sisycamp,SICA9,IRIDACEAE,DC,P,F,NL,M,O,NATIVE,,,
Solanum carolinense,126,solanaceae,solanum,carolinense,p,f,n,.,NA,NA,NA,NA,KNZ,UnburnUnmow,KNZ-5,1999,1,40,solanu carol .,SOCA3,SOLANACEAE,DC,P,F,NL,M,O,NATIVE,,,
Solanum rostratum,208,solanaceae,solanum,rostratum,a,f,n,.,NA,NA,NA,NA,KNZ,UnburnUnmow,KNZ-5,1999,1,18,solanu rostr .,SORO,SOLANACEAE,DC,A,F,NL,M,O,NATIVE,,,
Solidago canadensis,533,asteraceae,solidago,canadensis,p,f,n,.,NA,NA,NA,NA,KBS,Tilled,KBS-1,1993,5,5710,SOOCA,SOCA6,ASTERACEAE,DC,P,F,NL,U,R,NATIVE,,,
Solidago missouriensis,128,asteraceae,solidago,missouriensis,p,f,n,.,NA,NA,NA,NA,KNZ,LowlandNoWater,KNZ-1,2003,1,NA,Solidago missouriensis,SOMI2,ASTERACEAE,DC,P,F,NL,M,R,NATIVE,,,
Solidago rigida,130,asteraceae,solidago,rigida,p,f,n,.,NA,NA,NA,NA,CDR,C,CDR-1,1999,NA,18,Solirigi,SORI2,ASTERACEAE,DC,P,F,NL,U,R,NATIVE,,,
Solidago speciosa,131,asteraceae,solidago,speciosa,p,f,n,.,NA,NA,NA,NA,KBS,Untilled,KBS-2,1994,5,5700,SOOSE,SOSP2,ASTERACEAE,DC,P,F,NL,U,C,NATIVE,,,
Spermolepis inermis,132,apiaceae,spermolepis,inermis,a,f,n,.,NA,NA,NA,NA,KNZ,UnburnUnmow,KNZ-5,1999,1,40,spermo inerm .,SPIN,APIACEAE,DC,A,F,NL,B,O,NATIVE,,,
Symphoricarpos orbiculatus,43,caprifoliaceae,symphoricarpos,orbiculatus,p,w,n,.,NA,NA,NA,NA,KNZ,UplandNoWater,KNZ-3,2003,2,NA,Symphoricarpos orbiculatu,SYOR,CAPRIFOLIACEAE,DC,P,S,DW,M,R,NATIVE,,,
Taraxacum officinale,162,asteraceae,taraxacum,officinale,p,f,i,.,NA,NA,NA,NA,KBS,Tilled,KBS-1,1992,1,1710,TAROF,TAOF,ASTERACEAE,DC,P,F,NL,B,O,NON-NATIVE,,"Native and introduced in PLANTS database, is non-native to this area",
Teucrium canadense,180,lamiaceae,teucrium,canadense,p,f,n,.,NA,NA,NA,NA,KNZ,UplandWater,KNZ-4,2003,3,NA,Teucrium canadense,TECA3,LAMIACEAE,DC,P,F,NL,M,O,NATIVE,,,
Toxicodendron radicans,231,anacardiaceae,toxicodendron,radicans,p,w,n,.,NA,NA,NA,NA,KNZ,UnburnUnmow,KNZ-5,1999,2,17,toxico radic negu,TORA2,ANACARDIACEAE,DC,P,S,DW,B,R,NATIVE,,,
Tragopogon dubius,135,asteraceae,tragopogon,dubius,b,f,i,.,NA,NA,NA,NA,CDR,B,CDR-2,2000,NA,32,Tragdubi,TRDU,ASTERACEAE,DC,B,F,NL,U,O,NON-NATIVE,,,
Triodanis leptocarpa,136,campanulaceae,triodanis,leptocarpa,a,f,n,.,NA,NA,NA,NA,KNZ,UnburnMowed,KNZ-6,1999,1,34,trioda lepto .,TRLE3,CAMPANULACEAE,DC,A,F,NL,B,O,NATIVE,,,
Triodanis perfoliata,137,campanulaceae,triodanis,perfoliata,a,f,n,.,NA,NA,NA,NA,KNZ,UnburnMowed,KNZ-6,1999,2,35,trioda perfo .,TRPE4,CAMPANULACEAE,DC,A,F,NL,B,O,NATIVE,,,
Verbena stricta,139,verbenaceae,verbena,stricta,p,f,n,.,NA,NA,NA,NA,KNZ,UnburnMowed,KNZ-6,1999,1,61,verben stric .,VEST,VERBENACEAE,DC,A,F,NL,M,O,NATIVE,,,
Vernonia baldwinii,140,asteraceae,vernonia,baldwinii,p,f,n,.,NA,NA,NA,NA,KNZ,LowlandNoWater,KNZ-1,2003,4,NA,Vernonia baldwinii,VEBA,ASTERACEAE,DC,P,F,NL,U,R,NATIVE,,,
Veronica agrestis,468,plantaginaceae,veronica,agrestis,a,f,i,.,NA,NA,NA,NA,KNZ,UnburnUnmow,KNZ-5,1999,1,18,veroni agres .,VEAG,SCROPHULARIACEAE,DC,A,F,NL,B,O,NON-NATIVE,,,
Viola pedatifida,147,violaceae,viola,pedatifida,p,f,n,.,NA,NA,NA,NA,CDR,C,CDR-1,1999,NA,18,Violped2,VIPE2,VIOLACEAE,DC,P,F,NL,B,O,NATIVE,,,
Agrostis hyemalis,150,poaceae,agrostis,hyemalis,p,g,n,c3,NA,NA,NA,NA,KNZ,UnburnUnmow,KNZ-5,1999,1,60,agrost hyema .,AGHY,POACEAE,MC,P,G,C3,B,O,NATIVE,,,
Andropogon gerardii,2,poaceae,andropogon,gerardii,p,g,n,c4,NA,NA,NA,NA,CDR,B,CDR-2,2001,NA,51,Andrgera,ANGE,POACEAE,MC,P,G,C4,U,C,NATIVE,,,
Bouteloua curtipendula,4,poaceae,bouteloua,curtipendula,p,g,n,c4,NA,NA,NA,NA,KNZ,LowlandNoWater,KNZ-1,2003,2,NA,Bouteloua curtipendula,BOCU,POACEAE,MC,P,G,C4,M,C,NATIVE,,,
Bouteloua gracilis,5,poaceae,bouteloua,gracilis,p,g,n,c4,NA,NA,NA,NA,SEV,Desertgrass,SEV,2004,2,1,BOGR2,BOGR2,POACEAE,MC,P,G,C4,M,C,NATIVE,-,,
Bromus inermis,178,poaceae,bromus,inermis,p,g,i,c3,NA,NA,NA,NA,KBS,Untilled,KBS-2,1992,1,1700,BROIN,BRIN2,POACEAE,MC,P,G,C3,U,R,NON-NATIVE,,,
Bromus tectorum,26,poaceae,bromus,tectorum,a,g,i,c3,NA,NA,NA,NA,KBS,Untilled,KBS-2,2001,4,4700,BROTE,BRTE,POACEAE,MC,A,G,C3,M,O,NON-NATIVE,,,
Carex brevior,31,cyperaceae,carex,brevior,p,s,n,.,NA,NA,NA,NA,KNZ,LowlandNoWater,KNZ-1,2003,5,NA,Carex brevior,CABR10,CYPERACEAE,MC,P,G,C4,B,R,NATIVE,,,
Carex gravida,32,cyperaceae,carex,gravida,p,s,n,.,NA,NA,NA,NA,KNZ,UplandNoWater,KNZ-3,2003,2,NA,Carex gravida,CAGR4,CYPERACEAE,MC,P,G,C3,B,R,NATIVE,,,
Carex meadii,34,cyperaceae,carex,meadii,p,s,n,.,NA,NA,NA,NA,KNZ,LowlandNoWater,KNZ-1,2003,1,NA,Carex meadii,CAME2,CYPERACEAE,MC,P,G,C3,B,R,NATIVE,,,
Cyperus lupulinus,36,cyperaceae,cyperus,lupulinus,p,s,n,.,NA,NA,NA,NA,KNZ,UnburnMowed,KNZ-6,1999,1,34,cyperu lupul lupu,CYLU2,CYPERACEAE,MC,P,G,C3,B,R,NATIVE,,,
Digitaria sanguinalis,195,poaceae,digitaria,sanguinalis,a,g,i,c4,NA,NA,NA,NA,KBS,Tilled,KBS-1,1992,1,1710,DIGSA,DISA,POACEAE,MC,A,G,C4,M,O,NON-NATIVE,,,
Eleocharis compressa,38,cyperaceae,eleocharis,compressa,p,s,n,.,NA,NA,NA,NA,KNZ,UplandWater,KNZ-4,2003,1,NA,Eleocharis compressa,ELCO2,CYPERACEAE,MC,P,G,C3,B,C,NATIVE,,,
Elymus canadensis,9,poaceae,elymus,canadensis,p,g,n,c3,NA,NA,NA,NA,KNZ,UplandNoWater,KNZ-3,2003,4,NA,Elymus canadensis,ELCA4,POACEAE,MC,P,G,C3,U,R,NATIVE,,,
Eragrostis cilianensis,529,poaceae,eragrostis,cilianensis,a,g,i,c4,NA,NA,NA,NA,KBS,Tilled,KBS-1,1998,2,2710,ERACN,ERCI,POACEAE,MC,A,G,C4,B,C,NON-NATIVE,,,
Eragrostis spectabilis,11,poaceae,eragrostis,spectabilis,p,g,n,c4,NA,NA,NA,NA,CDR,B,CDR-2,1999,NA,6,Eragspec,ERSP,POACEAE,MC,P,G,C4,M,R,NATIVE,,,
Leersia oryzoides,376,poaceae,leersia,oryzoides,p,g,n,c3,NA,NA,NA,NA,CDR,D,CDR-4,1999,NA,33,Leeroryz,LEOR,POACEAE,MC,P,G,NL,M,R,NATIVE,,,
Muhlenbergia racemosa,340,poaceae,muhlenbergia,racemosa,p,g,n,c4,NA,NA,NA,NA,KNZ,UnburnUnmow,KNZ-5,1999,1,40,muhlen racem .,MURA,POACEAE,MC,P,G,C4,B,C,NATIVE,,,
Panicum capillare,29,poaceae,panicum,capillare,a,g,n,c4,NA,NA,NA,NA,KBS,Tilled,KBS-1,1992,3,3710,PANCA,PACA6,POACEAE,MC,A,G,C4,M,O,NATIVE,,,
Panicum virgatum,15,poaceae,panicum,virgatum,p,g,n,c4,NA,NA,NA,NA,KNZ,LowlandNoWater,KNZ-1,2003,2,NA,Panicum virgatum,PAVI2,POACEAE,MC,P,G,C4,U,R,NATIVE,,,
Plantago patagonica,338,plantaginaceae,plantago,patagonica,a,f,n,.,NA,NA,NA,NA,SEV,Desertgrass,SEV,2004,5,3,PLPA2,PLPA2,PLANTAGENACEAE,MC,A,F,C3,B,O,NATIVE,-,,
Poa pratensis,17,poaceae,poa,pratensis,p,g,i,c3,NA,NA,NA,NA,CDR,C,CDR-1,1999,NA,18,Poaprate,POPR,POACEAE,MC,P,G,C3,B,R,NON-NATIVE,,,
Schedonnardus paniculatus,30,poaceae,schedonnardus,paniculatus,p,g,n,c4,NA,NA,NA,NA,SGS,Water,SGS-2,2000,1,928,Cover_of_Scpa,SCPA,POACEAE,MC,P,G,C4,U,C,NATIVE,,,
Schizachyrium scoparium,3,poaceae,schizachyrium,scoparium,p,g,n,c4,NA,NA,NA,NA,CDR,C,CDR-1,1999,NA,18,Schiscop,SCSC,POACEAE,MC,P,G,C4,U,C,NATIVE,,,
Setaria viridis,209,poaceae,setaria,viridis,a,g,i,c4,NA,NA,NA,NA,KBS,Tilled,KBS-1,1992,2,2710,SETVI,SEVI4,POACEAE,MC,A,G,C4,M,O,NON-NATIVE,,,
Sorghastrum nutans,18,poaceae,sorghastrum,nutans,p,g,n,c4,NA,NA,NA,NA,CDR,C,CDR-1,1999,NA,18,Sorgnuta,SONU2,POACEAE,MC,P,G,C4,U,C,NATIVE,,,
Sphenopholis obtusata,20,poaceae,sphenopholis,obtusata,p,g,n,c3,NA,NA,NA,NA,KNZ,LowlandNoWater,KNZ-1,2003,3,NA,Sphenopholis obtusata,SPOB,POACEAE,MC,P,G,C3,B,O,NATIVE,,,
Sporobolus cryptandrus,22,poaceae,sporobolus,cryptandrus,p,g,n,c4,NA,NA,NA,NA,SEV,Desertgrass,SEV,2004,2,2,SPCR,SPCR,POACEAE,MC,P,G,C4,M,O,NATIVE,-,,
Tridens flavus,218,poaceae,tridens,flavus,p,g,n,c4,NA,NA,NA,NA,KBS,Untilled,KBS-2,1999,6,6700,TRSFL,TRFL2,POACEAE,MC,P,G,C4,M,R,NATIVE,,,
Vulpia octoflora,27,poaceae,vulpia,octoflora,a,g,n,c3,NA,NA,NA,NA,SGS,Water,SGS-2,2000,1,1609,Cover_of_Vuoc,VUOC,POACEAE,MC,A,G,C3,B,O,NATIVE,,,
Agalinis aspera,155,orobanchaceae,agalinis,aspera,a,f,n,.,NA,NA,NA,NA,NA,NA,NA,NA,NA,NA,NA,NA,NA,NA,NA,NA,NA,NA,NA,NA,NA,NA,
Agalinis densiflora,449,orobanchaceae,agalinis,densiflora,a,f,n,.,NA,NA,NA,NA,NA,NA,NA,NA,NA,NA,NA,NA,NA,NA,NA,NA,NA,NA,NA,NA,NA,NA,
Ageratina altissima,153,asteraceae,ageratina,altissima,p,f,n,.,NA,NA,NA,NA,NA,NA,NA,NA,NA,NA,NA,NA,NA,NA,NA,NA,NA,NA,NA,NA,NA,NA,
Allium canadense,45,liliaceae,allium,canadense,p,m,n,.,NA,NA,NA,NA,NA,NA,NA,NA,NA,NA,NA,NA,NA,NA,NA,NA,NA,NA,NA,NA,NA,NA,
Allium stellatum,457,liliaceae,allium,stellatum,p,m,n,.,NA,NA,NA,NA,NA,NA,NA,NA,NA,NA,NA,NA,NA,NA,NA,NA,NA,NA,NA,NA,NA,NA,
Androsace occidentalis,47,primulaceae,androsace,occidentalis,a,f,n,.,NA,NA,NA,NA,NA,NA,NA,NA,NA,NA,NA,NA,NA,NA,NA,NA,NA,NA,NA,NA,NA,NA,
Anemone caroliniana,48,ranunculaceae,anemone,caroliniana,p,f,n,.,NA,NA,NA,NA,NA,NA,NA,NA,NA,NA,NA,NA,NA,NA,NA,NA,NA,NA,NA,NA,NA,NA,
Arenaria serpyllifolia,525,caryophyllaceae,arenaria,serpyllifolia,a,f,i,.,NA,NA,NA,NA,NA,NA,NA,NA,NA,NA,NA,NA,NA,NA,NA,NA,NA,NA,NA,NA,NA,NA,
Aristida oligantha,24,poaceae,aristida,oligantha,a,g,n,c4,NA,NA,NA,NA,NA,NA,NA,NA,NA,NA,NA,NA,NA,NA,NA,NA,NA,NA,NA,NA,NA,NA,
Arnoglossum plantagineum,67,asteraceae,arnoglossum,plantagineum,p,f,n,.,NA,NA,NA,NA,NA,NA,NA,NA,NA,NA,NA,NA,NA,NA,NA,NA,NA,NA,NA,NA,NA,NA,
Asclepias stenophylla,54,asclepiadaceae,asclepias,stenophylla,p,f,n,.,NA,NA,NA,NA,NA,NA,NA,NA,NA,NA,NA,NA,NA,NA,NA,NA,NA,NA,NA,NA,NA,NA,
Astragalus lotiflorus,62,fabaceae,astragalus,lotiflorus,p,f,n,.,NA,NA,NA,NA,NA,NA,NA,NA,NA,NA,NA,NA,NA,NA,NA,NA,NA,NA,NA,NA,NA,NA,
Baptisia australis,65,fabaceae,baptisia,australis,p,f,n,.,NA,NA,NA,NA,NA,NA,NA,NA,NA,NA,NA,NA,NA,NA,NA,NA,NA,NA,NA,NA,NA,NA,
Baptisia bracteata,66,fabaceae,baptisia,bracteata,p,f,n,.,NA,NA,NA,NA,NA,NA,NA,NA,NA,NA,NA,NA,NA,NA,NA,NA,NA,NA,NA,NA,NA,NA,
Bidens frondosa,404,asteraceae,bidens,frondosa,a,f,n,.,NA,NA,NA,NA,NA,NA,NA,NA,NA,NA,NA,NA,NA,NA,NA,NA,NA,NA,NA,NA,NA,NA,
Botrychium virginianum,392,ophioglossaceae,botrychium,virginianum,p,o,n,.,NA,NA,NA,NA,NA,NA,NA,NA,NA,NA,NA,NA,NA,NA,NA,NA,NA,NA,NA,NA,NA,NA,
Bouteloua dactyloides,7,poaceae,bouteloua,dactyloides,p,g,n,c4,NA,NA,NA,NA,NA,NA,NA,NA,NA,NA,NA,NA,NA,NA,NA,NA,NA,NA,NA,NA,NA,NA,
Bouteloua hirsuta,6,poaceae,bouteloua,hirsuta,p,g,n,c4,NA,NA,NA,NA,NA,NA,NA,NA,NA,NA,NA,NA,NA,NA,NA,NA,NA,NA,NA,NA,NA,NA,
Brickellia eupatorioides,86,asteraceae,brickellia,eupatorioides,p,f,n,.,NA,NA,NA,NA,NA,NA,NA,NA,NA,NA,NA,NA,NA,NA,NA,NA,NA,NA,NA,NA,NA,NA,
Bromus arvensis,25,poaceae,bromus,arvensis,a,g,i,c3,NA,NA,NA,NA,NA,NA,NA,NA,NA,NA,NA,NA,NA,NA,NA,NA,NA,NA,NA,NA,NA,NA,
Buglossoides arvensis,415,boraginaceae,buglossoides,arvensis,a,f,i,.,NA,NA,NA,NA,NA,NA,NA,NA,NA,NA,NA,NA,NA,NA,NA,NA,NA,NA,NA,NA,NA,NA,
Callirhoe alcaeoides,68,malvaceae,callirhoe,alcaeoides,p,f,n,.,NA,NA,NA,NA,NA,NA,NA,NA,NA,NA,NA,NA,NA,NA,NA,NA,NA,NA,NA,NA,NA,NA,
Callirhoe involucrata,69,malvaceae,callirhoe,involucrata,p,f,n,.,NA,NA,NA,NA,NA,NA,NA,NA,NA,NA,NA,NA,NA,NA,NA,NA,NA,NA,NA,NA,NA,NA,
Calystegia macounii,185,convolvulaceae,calystegia,macounii,p,f,n,.,NA,NA,NA,NA,NA,NA,NA,NA,NA,NA,NA,NA,NA,NA,NA,NA,NA,NA,NA,NA,NA,NA,
Cannabis sativa,283,cannabaceae,cannabis,sativa,a,f,n,.,NA,NA,NA,NA,NA,NA,NA,NA,NA,NA,NA,NA,NA,NA,NA,NA,NA,NA,NA,NA,NA,NA,
Capsella bursa-pastoris,169,brassicaceae,capsella,bursa-pastoris,a,f,i,.,NA,NA,NA,NA,NA,NA,NA,NA,NA,NA,NA,NA,NA,NA,NA,NA,NA,NA,NA,NA,NA,NA,
Carex austrina,519,cyperaceae,carex,austrina,p,s,n,.,NA,NA,NA,NA,NA,NA,NA,NA,NA,NA,NA,NA,NA,NA,NA,NA,NA,NA,NA,NA,NA,NA,
Carex bicknellii,542,cyperaceae,carex,bicknellii,p,s,n,.,NA,NA,NA,NA,NA,NA,NA,NA,NA,NA,NA,NA,NA,NA,NA,NA,NA,NA,NA,NA,NA,NA,
Carex blanda,35,cyperaceae,carex,blanda,p,s,n,.,NA,NA,NA,NA,NA,NA,NA,NA,NA,NA,NA,NA,NA,NA,NA,NA,NA,NA,NA,NA,NA,NA,
Carex grisea,548,cyperaceae,carex,grisea,p,s,n,.,NA,NA,NA,NA,NA,NA,NA,NA,NA,NA,NA,NA,NA,NA,NA,NA,NA,NA,NA,NA,NA,NA,
Carex inops,33,cyperaceae,carex,inops,p,s,n,.,NA,NA,NA,NA,NA,NA,NA,NA,NA,NA,NA,NA,NA,NA,NA,NA,NA,NA,NA,NA,NA,NA,
Ceanothus herbaceus,41,rhamnaceae,ceanothus,herbaceus,p,w,n,.,NA,NA,NA,NA,NA,NA,NA,NA,NA,NA,NA,NA,NA,NA,NA,NA,NA,NA,NA,NA,NA,NA,
Celastrus scandens,425,celastraceae,celastrus,scandens,p,w,n,.,NA,NA,NA,NA,NA,NA,NA,NA,NA,NA,NA,NA,NA,NA,NA,NA,NA,NA,NA,NA,NA,NA,
Celtis occidentalis,200,cannabaceae,celtis,occidentalis,p,w,n,.,NA,NA,NA,NA,NA,NA,NA,NA,NA,NA,NA,NA,NA,NA,NA,NA,NA,NA,NA,NA,NA,NA,
Cercis canadensis,324,fabaceae,cercis,canadensis,p,w,n,.,NA,NA,NA,NA,NA,NA,NA,NA,NA,NA,NA,NA,NA,NA,NA,NA,NA,NA,NA,NA,NA,NA,
Chaerophyllum procumbens,396,apiaceae,chaerophyllum,procumbens,a,f,n,.,NA,NA,NA,NA,NA,NA,NA,NA,NA,NA,NA,NA,NA,NA,NA,NA,NA,NA,NA,NA,NA,NA,
Chamaecrista fasciculata,323,fabaceae,chamaecrista,fasciculata,a,f,n,.,NA,NA,NA,NA,NA,NA,NA,NA,NA,NA,NA,NA,NA,NA,NA,NA,NA,NA,NA,NA,NA,NA,
Chenopodium standleyanum,426,amaranthaceae,chenopodium,standleyanum,a,f,n,.,NA,NA,NA,NA,NA,NA,NA,NA,NA,NA,NA,NA,NA,NA,NA,NA,NA,NA,NA,NA,NA,NA,
Chloris verticillata,8,poaceae,chloris,verticillata,p,g,n,c4,NA,NA,NA,NA,NA,NA,NA,NA,NA,NA,NA,NA,NA,NA,NA,NA,NA,NA,NA,NA,NA,NA,
Comandra umbellata,154,santalaceae,comandra,umbellata,p,f,n,.,NA,NA,NA,NA,NA,NA,NA,NA,NA,NA,NA,NA,NA,NA,NA,NA,NA,NA,NA,NA,NA,NA,
Commelina erecta,290,commelinaceae,commelina,erecta,p,f,n,.,NA,NA,NA,NA,NA,NA,NA,NA,NA,NA,NA,NA,NA,NA,NA,NA,NA,NA,NA,NA,NA,NA,
Corydalis micrantha,435,fumariaceae,corydalis,micrantha,a,f,n,.,NA,NA,NA,NA,NA,NA,NA,NA,NA,NA,NA,NA,NA,NA,NA,NA,NA,NA,NA,NA,NA,NA,
Coryphantha missouriensis,96,cactaceae,coryphantha,missouriensis,p,f,n,.,NA,NA,NA,NA,NA,NA,NA,NA,NA,NA,NA,NA,NA,NA,NA,NA,NA,NA,NA,NA,NA,NA,
Crataegus mollis,113,rosaceae,crataegus,mollis,p,w,n,.,NA,NA,NA,NA,NA,NA,NA,NA,NA,NA,NA,NA,NA,NA,NA,NA,NA,NA,NA,NA,NA,NA,
Cuscuta coryli,530,cuscutaceae,cuscuta,coryli,a,f,n,.,NA,NA,NA,NA,NA,NA,NA,NA,NA,NA,NA,NA,NA,NA,NA,NA,NA,NA,NA,NA,NA,NA,
Cuscuta indecora,528,cuscutaceae,cuscuta,indecora,a,f,n,.,NA,NA,NA,NA,NA,NA,NA,NA,NA,NA,NA,NA,NA,NA,NA,NA,NA,NA,NA,NA,NA,NA,
Cynanchum laeve,192,asclepiadaceae,cynanchum,laeve,p,f,n,.,NA,NA,NA,NA,NA,NA,NA,NA,NA,NA,NA,NA,NA,NA,NA,NA,NA,NA,NA,NA,NA,NA,
Cyperus x mesochorus,37,cyperaceae,cyperus,x mesochorus,p,s,n,.,NA,NA,NA,NA,NA,NA,NA,NA,NA,NA,NA,NA,NA,NA,NA,NA,NA,NA,NA,NA,NA,NA,
Delphinium carolinianum,73,ranunculaceae,delphinium,carolinianum,p,f,n,.,NA,NA,NA,NA,NA,NA,NA,NA,NA,NA,NA,NA,NA,NA,NA,NA,NA,NA,NA,NA,NA,NA,
Desmodium canescens,505,fabaceae,desmodium,canescens,p,f,n,.,NA,NA,NA,NA,NA,NA,NA,NA,NA,NA,NA,NA,NA,NA,NA,NA,NA,NA,NA,NA,NA,NA,
Desmodium paniculatum,433,fabaceae,desmodium,paniculatum,p,f,n,.,NA,NA,NA,NA,NA,NA,NA,NA,NA,NA,NA,NA,NA,NA,NA,NA,NA,NA,NA,NA,NA,NA,
Desmodium perplexum,546,fabaceae,desmodium,perplexum,p,f,n,.,NA,NA,NA,NA,NA,NA,NA,NA,NA,NA,NA,NA,NA,NA,NA,NA,NA,NA,NA,NA,NA,NA,
Dianthus armeria,424,caryophyllaceae,dianthus,armeria,a,f,i,.,NA,NA,NA,NA,NA,NA,NA,NA,NA,NA,NA,NA,NA,NA,NA,NA,NA,NA,NA,NA,NA,NA,
Dichanthelium oligosanthes,14,poaceae,dichanthelium,oligosanthes,p,g,n,c3,NA,NA,NA,NA,NA,NA,NA,NA,NA,NA,NA,NA,NA,NA,NA,NA,NA,NA,NA,NA,NA,NA,
Dichanthelium ovale,16,poaceae,dichanthelium,ovale,p,g,n,c3,NA,NA,NA,NA,NA,NA,NA,NA,NA,NA,NA,NA,NA,NA,NA,NA,NA,NA,NA,NA,NA,NA,
Digitaria cognata,168,poaceae,digitaria,cognata,p,g,n,c4,NA,NA,NA,NA,NA,NA,NA,NA,NA,NA,NA,NA,NA,NA,NA,NA,NA,NA,NA,NA,NA,NA,
Draba brachycarpa,540,brassicaceae,draba,brachycarpa,a,f,n,.,NA,NA,NA,NA,NA,NA,NA,NA,NA,NA,NA,NA,NA,NA,NA,NA,NA,NA,NA,NA,NA,NA,
Draba cuneifolia,420,brassicaceae,draba,cuneifolia,a,f,n,.,NA,NA,NA,NA,NA,NA,NA,NA,NA,NA,NA,NA,NA,NA,NA,NA,NA,NA,NA,NA,NA,NA,
Draba reptans,75,brassicaceae,draba,reptans,a,f,n,.,NA,NA,NA,NA,NA,NA,NA,NA,NA,NA,NA,NA,NA,NA,NA,NA,NA,NA,NA,NA,NA,NA,
Dyssodia papposa,272,asteraceae,dyssodia,papposa,a,f,n,.,NA,NA,NA,NA,NA,NA,NA,NA,NA,NA,NA,NA,NA,NA,NA,NA,NA,NA,NA,NA,NA,NA,
Echinacea angustifolia,76,asteraceae,echinacea,angustifolia,p,f,n,.,NA,NA,NA,NA,NA,NA,NA,NA,NA,NA,NA,NA,NA,NA,NA,NA,NA,NA,NA,NA,NA,NA,
Elymus virginicus,10,poaceae,elymus,virginicus,p,g,n,c3,NA,NA,NA,NA,NA,NA,NA,NA,NA,NA,NA,NA,NA,NA,NA,NA,NA,NA,NA,NA,NA,NA,
Erechtites hieraciifolia,518,asteraceae,erechtites,hieraciifolia,a,f,n,.,NA,NA,NA,NA,NA,NA,NA,NA,NA,NA,NA,NA,NA,NA,NA,NA,NA,NA,NA,NA,NA,NA,
Erigeron philadelphicus,409,asteraceae,erigeron,philadelphicus,b,f,n,.,NA,NA,NA,NA,NA,NA,NA,NA,NA,NA,NA,NA,NA,NA,NA,NA,NA,NA,NA,NA,NA,NA,
Eupatorium altissimum,410,asteraceae,eupatorium,altissimum,p,f,n,.,NA,NA,NA,NA,NA,NA,NA,NA,NA,NA,NA,NA,NA,NA,NA,NA,NA,NA,NA,NA,NA,NA,
Euphorbia cyathophora,302,euphorbiaceae,euphorbia,cyathophora,a,f,n,.,NA,NA,NA,NA,NA,NA,NA,NA,NA,NA,NA,NA,NA,NA,NA,NA,NA,NA,NA,NA,NA,NA,
Euphorbia davidii,526,euphorbiaceae,euphorbia,davidii,a,f,i,.,NA,NA,NA,NA,NA,NA,NA,NA,NA,NA,NA,NA,NA,NA,NA,NA,NA,NA,NA,NA,NA,NA,
Euphorbia dentata,193,euphorbiaceae,euphorbia,dentata,a,f,n,.,NA,NA,NA,NA,NA,NA,NA,NA,NA,NA,NA,NA,NA,NA,NA,NA,NA,NA,NA,NA,NA,NA,
Euphorbia glyptosperma,80,euphorbiaceae,euphorbia,glyptosperma,a,f,n,.,NA,NA,NA,NA,NA,NA,NA,NA,NA,NA,NA,NA,NA,NA,NA,NA,NA,NA,NA,NA,NA,NA,
Euphorbia maculata,523,euphorbiaceae,euphorbia,maculata,a,f,n,.,NA,NA,NA,NA,NA,NA,NA,NA,NA,NA,NA,NA,NA,NA,NA,NA,NA,NA,NA,NA,NA,NA,
Euphorbia missurica,301,euphorbiaceae,euphorbia,missurica,a,f,n,.,NA,NA,NA,NA,NA,NA,NA,NA,NA,NA,NA,NA,NA,NA,NA,NA,NA,NA,NA,NA,NA,NA,
Euphorbia nutans,300,euphorbiaceae,euphorbia,nutans,a,f,n,.,NA,NA,NA,NA,NA,NA,NA,NA,NA,NA,NA,NA,NA,NA,NA,NA,NA,NA,NA,NA,NA,NA,
Euphorbia prostrata,299,euphorbiaceae,euphorbia,prostrata,a,f,i,.,NA,NA,NA,NA,NA,NA,NA,NA,NA,NA,NA,NA,NA,NA,NA,NA,NA,NA,NA,NA,NA,NA,
Euphorbia serpens,216,euphorbiaceae,euphorbia,serpens,a,f,n,.,NA,NA,NA,NA,NA,NA,NA,NA,NA,NA,NA,NA,NA,NA,NA,NA,NA,NA,NA,NA,NA,NA,
Euphorbia spathulata,79,euphorbiaceae,euphorbia,spathulata,a,f,n,.,NA,NA,NA,NA,NA,NA,NA,NA,NA,NA,NA,NA,NA,NA,NA,NA,NA,NA,NA,NA,NA,NA,
Euphorbia stictospora,226,euphorbiaceae,euphorbia,stictospora,a,f,n,.,NA,NA,NA,NA,NA,NA,NA,NA,NA,NA,NA,NA,NA,NA,NA,NA,NA,NA,NA,NA,NA,NA,
Evolvulus nuttallianus,428,convolvulaceae,evolvulus,nuttallianus,p,f,n,.,NA,NA,NA,NA,NA,NA,NA,NA,NA,NA,NA,NA,NA,NA,NA,NA,NA,NA,NA,NA,NA,NA,
Fallopia scandens,220,polygonaceae,fallopia,scandens,p,f,i,.,NA,NA,NA,NA,NA,NA,NA,NA,NA,NA,NA,NA,NA,NA,NA,NA,NA,NA,NA,NA,NA,NA,
Galium circaezans,356,rubiaceae,galium,circaezans,p,f,n,.,NA,NA,NA,NA,NA,NA,NA,NA,NA,NA,NA,NA,NA,NA,NA,NA,NA,NA,NA,NA,NA,NA,
Glandularia bipinnatifida,138,verbenaceae,glandularia,bipinnatifida,p,f,n,.,NA,NA,NA,NA,NA,NA,NA,NA,NA,NA,NA,NA,NA,NA,NA,NA,NA,NA,NA,NA,NA,NA,
Gleditsia triacanthos,199,fabaceae,gleditsia,triacanthos,p,w,n,.,NA,NA,NA,NA,NA,NA,NA,NA,NA,NA,NA,NA,NA,NA,NA,NA,NA,NA,NA,NA,NA,NA,
Hackelia virginiana,277,boraginaceae,hackelia,virginiana,b,f,n,.,NA,NA,NA,NA,NA,NA,NA,NA,NA,NA,NA,NA,NA,NA,NA,NA,NA,NA,NA,NA,NA,NA,
Helianthus maximilianii,515,asteraceae,helianthus,maximilianii,p,f,n,.,NA,NA,NA,NA,NA,NA,NA,NA,NA,NA,NA,NA,NA,NA,NA,NA,NA,NA,NA,NA,NA,NA,
Helianthus pauciflorus,500,asteraceae,helianthus,pauciflorus,p,f,n,.,NA,NA,NA,NA,NA,NA,NA,NA,NA,NA,NA,NA,NA,NA,NA,NA,NA,NA,NA,NA,NA,NA,
Helianthus petiolaris,271,asteraceae,helianthus,petiolaris,a,f,n,.,NA,NA,NA,NA,NA,NA,NA,NA,NA,NA,NA,NA,NA,NA,NA,NA,NA,NA,NA,NA,NA,NA,
Helianthus tuberosus,411,asteraceae,helianthus,tuberosus,p,f,n,.,NA,NA,NA,NA,NA,NA,NA,NA,NA,NA,NA,NA,NA,NA,NA,NA,NA,NA,NA,NA,NA,NA,
Heliopsis helianthoides,196,asteraceae,heliopsis,helianthoides,p,f,n,.,NA,NA,NA,NA,NA,NA,NA,NA,NA,NA,NA,NA,NA,NA,NA,NA,NA,NA,NA,NA,NA,NA,
Hordeum pusillum,28,poaceae,hordeum,pusillum,a,g,n,c3,NA,NA,NA,NA,NA,NA,NA,NA,NA,NA,NA,NA,NA,NA,NA,NA,NA,NA,NA,NA,NA,NA,
Hybanthus verticillatus,84,violaceae,hybanthus,verticillatus,p,f,n,.,NA,NA,NA,NA,NA,NA,NA,NA,NA,NA,NA,NA,NA,NA,NA,NA,NA,NA,NA,NA,NA,NA,
Hymenopappus scabiosaeus,85,asteraceae,hymenopappus,scabiosaeus,b,f,n,.,NA,NA,NA,NA,NA,NA,NA,NA,NA,NA,NA,NA,NA,NA,NA,NA,NA,NA,NA,NA,NA,NA,
Juncus interior,146,juncaceae,juncus,interior,p,s,n,.,NA,NA,NA,NA,NA,NA,NA,NA,NA,NA,NA,NA,NA,NA,NA,NA,NA,NA,NA,NA,NA,NA,
Koeleria macrantha,12,poaceae,koeleria,macrantha,p,g,n,c3,NA,NA,NA,NA,NA,NA,NA,NA,NA,NA,NA,NA,NA,NA,NA,NA,NA,NA,NA,NA,NA,NA,
Krigia cespitosa,266,asteraceae,krigia,cespitosa,a,f,n,.,NA,NA,NA,NA,NA,NA,NA,NA,NA,NA,NA,NA,NA,NA,NA,NA,NA,NA,NA,NA,NA,NA,
Lamium amplexicaule,509,lamiaceae,lamium,amplexicaule,a,f,i,.,NA,NA,NA,NA,NA,NA,NA,NA,NA,NA,NA,NA,NA,NA,NA,NA,NA,NA,NA,NA,NA,NA,
Leersia virginica,559,poaceae,leersia,virginica,p,g,n,c3,NA,NA,NA,NA,NA,NA,NA,NA,NA,NA,NA,NA,NA,NA,NA,NA,NA,NA,NA,NA,NA,NA,
Lepidium virginicum,539,brassicaceae,lepidium,virginicum,a,f,n,.,NA,NA,NA,NA,NA,NA,NA,NA,NA,NA,NA,NA,NA,NA,NA,NA,NA,NA,NA,NA,NA,NA,
Lespedeza cuneata,549,fabaceae,lespedeza,cuneata,p,f,i,.,NA,NA,NA,NA,NA,NA,NA,NA,NA,NA,NA,NA,NA,NA,NA,NA,NA,NA,NA,NA,NA,NA,
Lespedeza X manniana,545,fabaceae,lespedeza,X manniana,p,f,n,.,NA,NA,NA,NA,NA,NA,NA,NA,NA,NA,NA,NA,NA,NA,NA,NA,NA,NA,NA,NA,NA,NA,
Leucospora multifida,347,scrophulariaceae,leucospora,multifida,a,f,n,.,NA,NA,NA,NA,NA,NA,NA,NA,NA,NA,NA,NA,NA,NA,NA,NA,NA,NA,NA,NA,NA,NA,
Lithospermum occidentale,176,boraginaceae,lithospermum,occidentale,p,f,n,.,NA,NA,NA,NA,NA,NA,NA,NA,NA,NA,NA,NA,NA,NA,NA,NA,NA,NA,NA,NA,NA,NA,
Lomatium foeniculaceum,94,apiaceae,lomatium,foeniculaceum,p,f,n,.,NA,NA,NA,NA,NA,NA,NA,NA,NA,NA,NA,NA,NA,NA,NA,NA,NA,NA,NA,NA,NA,NA,
Lonicera maackii,541,caprifoliaceae,lonicera,maackii,p,w,i,.,NA,NA,NA,NA,NA,NA,NA,NA,NA,NA,NA,NA,NA,NA,NA,NA,NA,NA,NA,NA,NA,NA,
Lycopus americanus,191,lamiaceae,lycopus,americanus,p,f,n,.,NA,NA,NA,NA,NA,NA,NA,NA,NA,NA,NA,NA,NA,NA,NA,NA,NA,NA,NA,NA,NA,NA,
Malus baccata,562,rosaceae,malus,baccata,p,w,i,.,NA,NA,NA,NA,NA,NA,NA,NA,NA,NA,NA,NA,NA,NA,NA,NA,NA,NA,NA,NA,NA,NA,
Malvastrum angustum,327,malvaceae,malvastrum,angustum,a,f,n,.,NA,NA,NA,NA,NA,NA,NA,NA,NA,NA,NA,NA,NA,NA,NA,NA,NA,NA,NA,NA,NA,NA,
Menispermum canadense,232,menispermaceae,menispermum,canadense,p,w,n,.,NA,NA,NA,NA,NA,NA,NA,NA,NA,NA,NA,NA,NA,NA,NA,NA,NA,NA,NA,NA,NA,NA,
Mentzelia oligosperma,225,loasaceae,mentzelia,oligosperma,p,f,n,.,NA,NA,NA,NA,NA,NA,NA,NA,NA,NA,NA,NA,NA,NA,NA,NA,NA,NA,NA,NA,NA,NA,
Mimosa quadrivalvis,122,fabaceae,mimosa,quadrivalvis,p,f,n,.,NA,NA,NA,NA,NA,NA,NA,NA,NA,NA,NA,NA,NA,NA,NA,NA,NA,NA,NA,NA,NA,NA,
Mirabilis albida,228,nyctaginaceae,mirabilis,albida,p,f,n,.,NA,NA,NA,NA,NA,NA,NA,NA,NA,NA,NA,NA,NA,NA,NA,NA,NA,NA,NA,NA,NA,NA,
Monolepis nuttalliana,427,amaranthaceae,monolepis,nuttalliana,a,f,n,.,NA,NA,NA,NA,NA,NA,NA,NA,NA,NA,NA,NA,NA,NA,NA,NA,NA,NA,NA,NA,NA,NA,
Morus alba,328,moraceae,morus,alba,p,w,i,.,NA,NA,NA,NA,NA,NA,NA,NA,NA,NA,NA,NA,NA,NA,NA,NA,NA,NA,NA,NA,NA,NA,
Muhlenbergia cuspidata,13,poaceae,muhlenbergia,cuspidata,p,g,n,c4,NA,NA,NA,NA,NA,NA,NA,NA,NA,NA,NA,NA,NA,NA,NA,NA,NA,NA,NA,NA,NA,NA,
Muhlenbergia frondosa,341,poaceae,muhlenbergia,frondosa,p,g,n,c4,NA,NA,NA,NA,NA,NA,NA,NA,NA,NA,NA,NA,NA,NA,NA,NA,NA,NA,NA,NA,NA,NA,
Nothocalais cuspidata,95,asteraceae,nothocalais,cuspidata,p,f,n,.,NA,NA,NA,NA,NA,NA,NA,NA,NA,NA,NA,NA,NA,NA,NA,NA,NA,NA,NA,NA,NA,NA,
Oenothera curtiflora,174,onagraceae,oenothera,curtiflora,a,f,n,.,NA,NA,NA,NA,NA,NA,NA,NA,NA,NA,NA,NA,NA,NA,NA,NA,NA,NA,NA,NA,NA,NA,
Oenothera glaucifolia,441,onagraceae,oenothera,glaucifolia,b,f,n,.,NA,NA,NA,NA,NA,NA,NA,NA,NA,NA,NA,NA,NA,NA,NA,NA,NA,NA,NA,NA,NA,NA,
Oenothera macrocarpa,97,onagraceae,oenothera,macrocarpa,p,f,n,.,NA,NA,NA,NA,NA,NA,NA,NA,NA,NA,NA,NA,NA,NA,NA,NA,NA,NA,NA,NA,NA,NA,
Oenothera serrulata,330,onagraceae,oenothera,serrulata,p,f,n,.,NA,NA,NA,NA,NA,NA,NA,NA,NA,NA,NA,NA,NA,NA,NA,NA,NA,NA,NA,NA,NA,NA,
Oenothera villosa,331,onagraceae,oenothera,villosa,b,f,n,.,NA,NA,NA,NA,NA,NA,NA,NA,NA,NA,NA,NA,NA,NA,NA,NA,NA,NA,NA,NA,NA,NA,
Ophioglossum vulgatum,501,ophioglossaceae,ophioglossum,vulgatum,p,o,n,.,NA,NA,NA,NA,NA,NA,NA,NA,NA,NA,NA,NA,NA,NA,NA,NA,NA,NA,NA,NA,NA,NA,
Opuntia macrorhiza,101,cactaceae,opuntia,macrorhiza,p,f,n,.,NA,NA,NA,NA,NA,NA,NA,NA,NA,NA,NA,NA,NA,NA,NA,NA,NA,NA,NA,NA,NA,NA,
Oxalis dillenii,534,oxalidaceae,oxalis,dillenii,p,f,n,.,NA,NA,NA,NA,NA,NA,NA,NA,NA,NA,NA,NA,NA,NA,NA,NA,NA,NA,NA,NA,NA,NA,
Parthenocissus quinquefolia,219,vitaceae,parthenocissus,quinquefolia,p,w,n,.,NA,NA,NA,NA,NA,NA,NA,NA,NA,NA,NA,NA,NA,NA,NA,NA,NA,NA,NA,NA,NA,NA,
Pascopyrum smithii,1,poaceae,pascopyrum,smithii,p,g,n,c3,NA,NA,NA,NA,NA,NA,NA,NA,NA,NA,NA,NA,NA,NA,NA,NA,NA,NA,NA,NA,NA,NA,
Paspalum setaceum,378,poaceae,paspalum,setaceum,p,g,n,c4,NA,NA,NA,NA,NA,NA,NA,NA,NA,NA,NA,NA,NA,NA,NA,NA,NA,NA,NA,NA,NA,NA,
Pediomelum argophyllum,144,fabaceae,pediomelum,argophyllum,p,f,n,.,NA,NA,NA,NA,NA,NA,NA,NA,NA,NA,NA,NA,NA,NA,NA,NA,NA,NA,NA,NA,NA,NA,
Pediomelum esculentum,116,fabaceae,pediomelum,esculentum,p,f,n,.,NA,NA,NA,NA,NA,NA,NA,NA,NA,NA,NA,NA,NA,NA,NA,NA,NA,NA,NA,NA,NA,NA,
Pediomelum tenuiflorum,117,fabaceae,pediomelum,tenuiflorum,p,f,n,.,NA,NA,NA,NA,NA,NA,NA,NA,NA,NA,NA,NA,NA,NA,NA,NA,NA,NA,NA,NA,NA,NA,
Penstemon cobaea,104,plantaginaceae,penstemon,cobaea,p,f,n,.,NA,NA,NA,NA,NA,NA,NA,NA,NA,NA,NA,NA,NA,NA,NA,NA,NA,NA,NA,NA,NA,NA,
Penstemon grandiflorus,105,plantaginaceae,penstemon,grandiflorus,p,f,n,.,NA,NA,NA,NA,NA,NA,NA,NA,NA,NA,NA,NA,NA,NA,NA,NA,NA,NA,NA,NA,NA,NA,
Persicaria hydropiperoides,555,polygonaceae,persicaria,hydropiperoides,p,f,n,.,NA,NA,NA,NA,NA,NA,NA,NA,NA,NA,NA,NA,NA,NA,NA,NA,NA,NA,NA,NA,NA,NA,
Persicaria pensylvanica,370,polygonaceae,persicaria,pensylvanica,a,f,n,.,NA,NA,NA,NA,NA,NA,NA,NA,NA,NA,NA,NA,NA,NA,NA,NA,NA,NA,NA,NA,NA,NA,
Phryma leptostachya,334,phrymaceae,phryma,leptostachya,p,f,n,.,NA,NA,NA,NA,NA,NA,NA,NA,NA,NA,NA,NA,NA,NA,NA,NA,NA,NA,NA,NA,NA,NA,
Physalis longifolia,538,solanaceae,physalis,longifolia,p,f,n,.,NA,NA,NA,NA,NA,NA,NA,NA,NA,NA,NA,NA,NA,NA,NA,NA,NA,NA,NA,NA,NA,NA,
Physalis missouriensis,532,solanaceae,physalis,missouriensis,a,f,n,.,NA,NA,NA,NA,NA,NA,NA,NA,NA,NA,NA,NA,NA,NA,NA,NA,NA,NA,NA,NA,NA,NA,
Plantago aristata,337,plantaginaceae,plantago,aristata,a,f,n,.,NA,NA,NA,NA,NA,NA,NA,NA,NA,NA,NA,NA,NA,NA,NA,NA,NA,NA,NA,NA,NA,NA,
Plantago virginica,233,plantaginaceae,plantago,virginica,a,f,i,.,NA,NA,NA,NA,NA,NA,NA,NA,NA,NA,NA,NA,NA,NA,NA,NA,NA,NA,NA,NA,NA,NA,
Polygonum ramosissimum,205,polygonaceae,polygonum,ramosissimum,a,f,n,.,NA,NA,NA,NA,NA,NA,NA,NA,NA,NA,NA,NA,NA,NA,NA,NA,NA,NA,NA,NA,NA,NA,
Prunella vulgaris,179,lamiaceae,prunella,vulgaris,p,f,n,.,NA,NA,NA,NA,NA,NA,NA,NA,NA,NA,NA,NA,NA,NA,NA,NA,NA,NA,NA,NA,NA,NA,
Prunus americana,148,rosaceae,prunus,americana,p,w,n,.,NA,NA,NA,NA,NA,NA,NA,NA,NA,NA,NA,NA,NA,NA,NA,NA,NA,NA,NA,NA,NA,NA,
Prunus virginiana,447,rosaceae,prunus,virginiana,p,w,n,.,NA,NA,NA,NA,NA,NA,NA,NA,NA,NA,NA,NA,NA,NA,NA,NA,NA,NA,NA,NA,NA,NA,
Pseudognaphalium obtusifolium,520,asteraceae,pseudognaphalium,obtusifolium,a,f,n,.,NA,NA,NA,NA,NA,NA,NA,NA,NA,NA,NA,NA,NA,NA,NA,NA,NA,NA,NA,NA,NA,NA,
Pyrus calleryana,536,rosaceae,pyrus,calleryana,p,w,i,.,NA,NA,NA,NA,NA,NA,NA,NA,NA,NA,NA,NA,NA,NA,NA,NA,NA,NA,NA,NA,NA,NA,
Quercus muehlenbergii,304,fagaceae,quercus,muehlenbergii,p,w,n,.,NA,NA,NA,NA,NA,NA,NA,NA,NA,NA,NA,NA,NA,NA,NA,NA,NA,NA,NA,NA,NA,NA,
Rhus aromatica,262,anacardiaceae,rhus,aromatica,p,w,n,.,NA,NA,NA,NA,NA,NA,NA,NA,NA,NA,NA,NA,NA,NA,NA,NA,NA,NA,NA,NA,NA,NA,
Ribes missouriense,349,grossulariaceae,ribes,missouriense,p,w,n,.,NA,NA,NA,NA,NA,NA,NA,NA,NA,NA,NA,NA,NA,NA,NA,NA,NA,NA,NA,NA,NA,NA,
Rubus flagellaris,558,rosaceae,rubus,flagellaris,p,w,n,.,NA,NA,NA,NA,NA,NA,NA,NA,NA,NA,NA,NA,NA,NA,NA,NA,NA,NA,NA,NA,NA,NA,
Rubus pensilvanicus,361,rosaceae,rubus,pensilvanicus,p,w,n,.,NA,NA,NA,NA,NA,NA,NA,NA,NA,NA,NA,NA,NA,NA,NA,NA,NA,NA,NA,NA,NA,NA,
Sanicula canadensis,397,apiaceae,sanicula,canadensis,b,f,n,.,NA,NA,NA,NA,NA,NA,NA,NA,NA,NA,NA,NA,NA,NA,NA,NA,NA,NA,NA,NA,NA,NA,
Scrophularia marilandica,508,scrophulariaceae,scrophularia,marilandica,p,f,n,.,NA,NA,NA,NA,NA,NA,NA,NA,NA,NA,NA,NA,NA,NA,NA,NA,NA,NA,NA,NA,NA,NA,
Scutellaria parvula,149,lamiaceae,scutellaria,parvula,p,f,n,.,NA,NA,NA,NA,NA,NA,NA,NA,NA,NA,NA,NA,NA,NA,NA,NA,NA,NA,NA,NA,NA,NA,
Securigera varia,517,fabaceae,securigera,varia,p,f,i,.,NA,NA,NA,NA,NA,NA,NA,NA,NA,NA,NA,NA,NA,NA,NA,NA,NA,NA,NA,NA,NA,NA,
Senna marilandica,322,fabaceae,senna,marilandica,p,f,n,.,NA,NA,NA,NA,NA,NA,NA,NA,NA,NA,NA,NA,NA,NA,NA,NA,NA,NA,NA,NA,NA,NA,
Setaria pumila,190,poaceae,setaria,pumila,a,g,i,c4,NA,NA,NA,NA,NA,NA,NA,NA,NA,NA,NA,NA,NA,NA,NA,NA,NA,NA,NA,NA,NA,NA,
Smilax tamnoides,362,smilacaceae,smilax,tamnoides,p,w,n,.,NA,NA,NA,NA,NA,NA,NA,NA,NA,NA,NA,NA,NA,NA,NA,NA,NA,NA,NA,NA,NA,NA,
Solanum ptycanthum,384,solanaceae,solanum,ptycanthum,a,f,n,.,NA,NA,NA,NA,NA,NA,NA,NA,NA,NA,NA,NA,NA,NA,NA,NA,NA,NA,NA,NA,NA,NA,
Solidago altissima,127,asteraceae,solidago,altissima,p,f,n,.,NA,NA,NA,NA,NA,NA,NA,NA,NA,NA,NA,NA,NA,NA,NA,NA,NA,NA,NA,NA,NA,NA,
Solidago gigantea,527,asteraceae,solidago,gigantea,p,f,n,.,NA,NA,NA,NA,NA,NA,NA,NA,NA,NA,NA,NA,NA,NA,NA,NA,NA,NA,NA,NA,NA,NA,
Solidago mollis,129,asteraceae,solidago,mollis,p,f,n,.,NA,NA,NA,NA,NA,NA,NA,NA,NA,NA,NA,NA,NA,NA,NA,NA,NA,NA,NA,NA,NA,NA,
Sonchus asper,268,asteraceae,sonchus,asper,a,f,i,.,NA,NA,NA,NA,NA,NA,NA,NA,NA,NA,NA,NA,NA,NA,NA,NA,NA,NA,NA,NA,NA,NA,
Spartina pectinata,19,poaceae,spartina,pectinata,p,g,n,c4,NA,NA,NA,NA,NA,NA,NA,NA,NA,NA,NA,NA,NA,NA,NA,NA,NA,NA,NA,NA,NA,NA,
Spiranthes vernalis,332,orchidaceae,spiranthes,vernalis,p,m,n,.,NA,NA,NA,NA,NA,NA,NA,NA,NA,NA,NA,NA,NA,NA,NA,NA,NA,NA,NA,NA,NA,NA,
Sporobolus compositus,21,poaceae,sporobolus,compositus,p,g,n,c4,NA,NA,NA,NA,NA,NA,NA,NA,NA,NA,NA,NA,NA,NA,NA,NA,NA,NA,NA,NA,NA,NA,
Sporobolus heterolepis,23,poaceae,sporobolus,heterolepis,p,g,n,c4,NA,NA,NA,NA,NA,NA,NA,NA,NA,NA,NA,NA,NA,NA,NA,NA,NA,NA,NA,NA,NA,NA,
Sporobolus vaginiflorus,221,poaceae,sporobolus,vaginiflorus,a,g,n,c4,NA,NA,NA,NA,NA,NA,NA,NA,NA,NA,NA,NA,NA,NA,NA,NA,NA,NA,NA,NA,NA,NA,
Stenaria nigricans,223,rubiaceae,stenaria,nigricans,p,f,n,.,NA,NA,NA,NA,NA,NA,NA,NA,NA,NA,NA,NA,NA,NA,NA,NA,NA,NA,NA,NA,NA,NA,
Strophostyles leiosperma,170,fabaceae,strophostyles,leiosperma,a,f,n,.,NA,NA,NA,NA,NA,NA,NA,NA,NA,NA,NA,NA,NA,NA,NA,NA,NA,NA,NA,NA,NA,NA,
Symphyotrichum drummondii,399,asteraceae,symphyotrichum,drummondii,p,f,n,.,NA,NA,NA,NA,NA,NA,NA,NA,NA,NA,NA,NA,NA,NA,NA,NA,NA,NA,NA,NA,NA,NA,
Symphyotrichum ericoides,58,asteraceae,symphyotrichum,ericoides,p,f,n,.,NA,NA,NA,NA,NA,NA,NA,NA,NA,NA,NA,NA,NA,NA,NA,NA,NA,NA,NA,NA,NA,NA,
Symphyotrichum laeve,400,asteraceae,symphyotrichum,laeve,p,f,n,.,NA,NA,NA,NA,NA,NA,NA,NA,NA,NA,NA,NA,NA,NA,NA,NA,NA,NA,NA,NA,NA,NA,
Symphyotrichum lanceolatum,270,asteraceae,symphyotrichum,lanceolatum,p,f,n,.,NA,NA,NA,NA,NA,NA,NA,NA,NA,NA,NA,NA,NA,NA,NA,NA,NA,NA,NA,NA,NA,NA,
Symphyotrichum oblongifolium,59,asteraceae,symphyotrichum,oblongifolium,p,f,n,.,NA,NA,NA,NA,NA,NA,NA,NA,NA,NA,NA,NA,NA,NA,NA,NA,NA,NA,NA,NA,NA,NA,
Symphyotrichum pilosum,522,asteraceae,symphyotrichum,pilosum,p,f,n,.,NA,NA,NA,NA,NA,NA,NA,NA,NA,NA,NA,NA,NA,NA,NA,NA,NA,NA,NA,NA,NA,NA,
Symphyotrichum sericeum,60,asteraceae,symphyotrichum,sericeum,p,f,n,.,NA,NA,NA,NA,NA,NA,NA,NA,NA,NA,NA,NA,NA,NA,NA,NA,NA,NA,NA,NA,NA,NA,
Taraxacum erythrospermum,535,asteraceae,taraxacum,erythrospermum,p,f,i,.,NA,NA,NA,NA,NA,NA,NA,NA,NA,NA,NA,NA,NA,NA,NA,NA,NA,NA,NA,NA,NA,NA,
Thlaspi arvense,422,brassicaceae,thlaspi,arvense,a,f,i,.,NA,NA,NA,NA,NA,NA,NA,NA,NA,NA,NA,NA,NA,NA,NA,NA,NA,NA,NA,NA,NA,NA,
Torilis arvensis,261,apiaceae,torilis,arvensis,a,f,n,.,NA,NA,NA,NA,NA,NA,NA,NA,NA,NA,NA,NA,NA,NA,NA,NA,NA,NA,NA,NA,NA,NA,
Toxicoscordion nuttallii,175,melanthiaceae,toxicoscordion,nuttallii,p,m,n,.,NA,NA,NA,NA,NA,NA,NA,NA,NA,NA,NA,NA,NA,NA,NA,NA,NA,NA,NA,NA,NA,NA,
Tradescantia bracteata,133,commelinaceae,tradescantia,bracteata,p,m,n,.,NA,NA,NA,NA,NA,NA,NA,NA,NA,NA,NA,NA,NA,NA,NA,NA,NA,NA,NA,NA,NA,NA,
Tragia betonicifolia,134,euphorbiaceae,tragia,betonicifolia,p,f,n,.,NA,NA,NA,NA,NA,NA,NA,NA,NA,NA,NA,NA,NA,NA,NA,NA,NA,NA,NA,NA,NA,NA,
Tragia ramosa,543,euphorbiaceae,tragia,ramosa,p,f,n,.,NA,NA,NA,NA,NA,NA,NA,NA,NA,NA,NA,NA,NA,NA,NA,NA,NA,NA,NA,NA,NA,NA,
Trichostema brachiatum,256,lamiaceae,trichostema,brachiatum,a,f,n,.,NA,NA,NA,NA,NA,NA,NA,NA,NA,NA,NA,NA,NA,NA,NA,NA,NA,NA,NA,NA,NA,NA,
Triosteum perfoliatum,284,caprifoliaceae,triosteum,perfoliatum,p,f,n,.,NA,NA,NA,NA,NA,NA,NA,NA,NA,NA,NA,NA,NA,NA,NA,NA,NA,NA,NA,NA,NA,NA,
Ulmus americana,158,cannabaceae,ulmus,americana,p,w,n,.,NA,NA,NA,NA,NA,NA,NA,NA,NA,NA,NA,NA,NA,NA,NA,NA,NA,NA,NA,NA,NA,NA,
Ulmus rubra,510,cannabaceae,ulmus,rubra,p,w,n,.,NA,NA,NA,NA,NA,NA,NA,NA,NA,NA,NA,NA,NA,NA,NA,NA,NA,NA,NA,NA,NA,NA,
Verbascum blattaria,187,scrophulariaceae,verbascum,blattaria,b,f,i,.,NA,NA,NA,NA,NA,NA,NA,NA,NA,NA,NA,NA,NA,NA,NA,NA,NA,NA,NA,NA,NA,NA,
Verbena urticifolia,381,verbenaceae,verbena,urticifolia,p,f,n,.,NA,NA,NA,NA,NA,NA,NA,NA,NA,NA,NA,NA,NA,NA,NA,NA,NA,NA,NA,NA,NA,NA,
Veronica arvensis,524,plantaginaceae,veronica,arvensis,a,f,i,.,NA,NA,NA,NA,NA,NA,NA,NA,NA,NA,NA,NA,NA,NA,NA,NA,NA,NA,NA,NA,NA,NA,
Veronica peregrina,450,plantaginaceae,veronica,peregrina,a,f,n,.,NA,NA,NA,NA,NA,NA,NA,NA,NA,NA,NA,NA,NA,NA,NA,NA,NA,NA,NA,NA,NA,NA,
Vicia americana,227,fabaceae,vicia,americana,p,f,n,.,NA,NA,NA,NA,NA,NA,NA,NA,NA,NA,NA,NA,NA,NA,NA,NA,NA,NA,NA,NA,NA,NA,
Viola bicolor,141,violaceae,viola,bicolor,a,f,n,.,NA,NA,NA,NA,NA,NA,NA,NA,NA,NA,NA,NA,NA,NA,NA,NA,NA,NA,NA,NA,NA,NA,
Viola missouriensis,547,violaceae,viola,missouriensis,p,f,n,.,NA,NA,NA,NA,NA,NA,NA,NA,NA,NA,NA,NA,NA,NA,NA,NA,NA,NA,NA,NA,NA,NA,
Viola nephrophylla,206,violaceae,viola,nephrophylla,p,f,n,.,NA,NA,NA,NA,NA,NA,NA,NA,NA,NA,NA,NA,NA,NA,NA,NA,NA,NA,NA,NA,NA,NA,
Vitis riparia,391,vitaceae,vitis,riparia,p,w,n,.,NA,NA,NA,NA,NA,NA,NA,NA,NA,NA,NA,NA,NA,NA,NA,NA,NA,NA,NA,NA,NA,NA,
Xanthium strumarium,269,asteraceae,xanthium,strumarium,a,f,n,.,NA,NA,NA,NA,NA,NA,NA,NA,NA,NA,NA,NA,NA,NA,NA,NA,NA,NA,NA,NA,NA,NA,
Zanthoxylum americanum,355,rutaceae,zanthoxylum,americanum,p,w,n,.,NA,NA,NA,NA,NA,NA,NA,NA,NA,NA,NA,NA,NA,NA,NA,NA,NA,NA,NA,NA,NA,NA,
Zizia aurea,260,apiaceae,zizia,aurea,p,f,n,.,NA,NA,NA,NA,NA,NA,NA,NA,NA,NA,NA,NA,NA,NA,NA,NA,NA,NA,NA,NA,NA,NA,