AOU_code,Common_name,Order,Family,Genus,species,Sequence,Family1,Order1,Avibase.ID1,Total.individuals,Female,Male,Unknown,Complete.measures,Beak.Length_Culmen,Beak.Length_Nares,Beak.Width,Beak.Depth,Tarsus.Length,Wing.Length,Kipps.Distance,Secondary1,Hand.Wing.Index,Tail.Length,Mass,Mass.Source,Mass.Refs.Other,Inference,Traits.inferred,Reference.species,Habitat,Habitat.Density,Migration,Trophic.Level,Trophic.Niche,Primary.Lifestyle,Min.Latitude,Max.Latitude,Centroid.Latitude,Centroid.Longitude,Range.Size
ACFL,Acadian Flycatcher ,Passeriformes,Tyrannidae,Empidonax ,virescens,5873,Tyrannidae,Passeriformes,AVIBASE-2778A3F4,48,5,8,35,5,13.3,9.1,6.1,4,17.1,71,19.9,52.1,27.5,58.8,12.6,Dunning,NA,NO,NA,NA,Forest,2,3,Carnivore,Invertivore,Insessorial,26.59,45.34,36.73,-87.99,3006134.68
AMCR,American Crow,Passeriformes,Corvidae,Corvus ,brachyrhynchos,6985,Corvidae,Passeriformes,AVIBASE-9E9F2476,13,4,9,0,4,51.1,35.4,14.7,17.7,59.3,309.6,109.1,199.9,35.3,177.3,448.8,Dunning,NA,NO,NA,NA,Human Modified,2,2,Omnivore,Omnivore,Terrestrial,24.53,63.75,46.23,-97.42,11573830.54
AMGO,American Goldfinch ,Passeriformes,Fringillidae,Spinus,tristis,10229,Fringillidae,Passeriformes,AVIBASE-C9ABA616,9,4,5,0,8,11.5,8.2,4.3,6.3,13.5,69.8,19.1,50.3,27.6,48.3,12.8,Dunning,,NO,,,Forest,1,1,Herbivore,Granivore,Insessorial,31.4,57.36,44.46,-96.32,7802444.22
AMRO,American Robin ,Passeriformes,Turdidae,Turdus,migratorius,8976,Turdidae,Passeriformes,AVIBASE-103427C5,14,8,6,0,5,23.4,12.5,5.6,6.8,32.7,127,36.9,90.3,29,95.7,78.5,Dunning,,NO,,,Forest,3,3,Omnivore,Invertivore,Generalist,15.92,70.58,50.87,-106.8,16455945.96
ATSP,American Tree Sparrow ,Passeriformes,Passerellidae,Spizelloides,arborea,,,,,,,,,,,,,,,,,,,,,,,,,,,,,,,,,,,,
BAOR,Baltimore Oriole,Passeriformes,Icteridae,Icterus,galbula,10491,Icteridae,Passeriformes,AVIBASE-5110842F,23,10,12,1,10,21.1,13.3,5,6.4,23.4,92.1,25.5,67.4,27.4,73.3,32.8,Dunning,,NO,,,Forest,1,3,Omnivore,Invertivore,Insessorial,30.82,58.5,43.69,-91.8,4604558.64
BARS,Barn Swallow ,Passeriformes,Hirundinidae,Hirundo,rustica,7714,Hirundinidae,Passeriformes,AVIBASE-58C502EA,68,23,24,21,10,12.4,6,4.5,2.7,11.7,115.8,62.3,56,52.6,71.4,17.9,Dunning,,NO,,,Human Modified,3,3,Carnivore,Invertivore,Aerial,-37.53,71.13,47.56,34.57,51701054.06
BCCH,Black-capped Chickadee,Passeriformes,Paridae,Poecile,atricapillus,7216,Paridae,Passeriformes,AVIBASE-B1F0CC82,13,5,7,1,7,10.3,7.2,3.7,4,16.8,64.4,12,52.5,18.6,61.7,10.8,Dunning,,NO,,,Forest,1,1,Omnivore,Invertivore,Insessorial,34.2,65.98,50.08,-104.99,9078514.18
BEVI,Bell's Vireo ,Passeriformes,Vireonidae,Vireo,bellii,6417,Vireonidae,Passeriformes,AVIBASE-C3168495,13,3,10,0,4,13.5,7,3.7,3.7,19.2,55.7,10.8,44.9,19.4,44.1,8.5,Dunning,,NO,,,Shrubland,2,3,Carnivore,Invertivore,Insessorial,21.36,47.35,34.81,-99.81,2636566.53
BEWR,Bewick's Wren ,Passeriformes,Troglodytidae,Thryomanes,bewickii,8615,Troglodytidae,Passeriformes,AVIBASE-603194D3,5,2,3,0,4,15.5,10.1,2.6,3,17.5,54,7.3,46.1,13.8,51.2,9.9,Dunning,,NO,,,Shrubland,2,2,Carnivore,Invertivore,Generalist,16.27,50.41,33.54,-106.62,3360146.45
BGGN,Blue-gray Gnatcatcher,Passeriformes,Polioptilidae,Polioptila,caerulea,8571,Polioptilidae,Passeriformes,AVIBASE-A15C5071,8,3,3,2,7,11.3,7.4,2.8,2.3,15.9,50.8,9.6,40.8,19.1,49.1,5.8,Dunning,,NO,,,Woodland,2,3,Carnivore,Invertivore,Insessorial,14.44,46.6,33.81,-96.34,6582606.18
BHCO,Brown-headed Cowbird ,Passeriformes,Icteridae,Molothrus,ater,10527,Icteridae,Passeriformes,AVIBASE-1E1AB415,5,2,3,0,4,17.6,11.1,5.8,8.9,24.7,105,33.9,68.8,33,69.8,40.3,Dunning,,NO,,,Forest,2,3,Carnivore,Invertivore,Terrestrial,17,67.45,43,-101.66,11727469.53
BLGR,Blue Grosbeak ,Passeriformes,Cardinalidae,Passerina,caerulea,10712,Cardinalidae,Passeriformes,AVIBASE-A7A75EA1,22,7,14,1,7,17,12.3,7.4,10.9,20.3,86.1,19.9,67.2,22.9,64.4,27.4,Dunning,,NO,,,Forest,2,3,Carnivore,Invertivore,Generalist,9.17,46.7,32.93,-98.5,5300267.2
BLJA,Blue Jay,Passeriformes,Corvidae,Cyanocitta ,cristata,7025,Corvidae,Passeriformes,AVIBASE-1DA430B8,11,2,9,0,4,29.9,18.6,10.1,8.9,34.7,130,22.9,108.3,17.4,121.4,88,Dunning,NA,NO,NA,NA,Woodland,2,1,Omnivore,Omnivore,Terrestrial,24.53,56.76,43.18,-90.29,6665383.16
BRTH,Brown Thrasher,Passeriformes,Mimidae,Toxostoma,rufum,8839,Mimidae,Passeriformes,AVIBASE-C8F9F2D0,5,2,3,0,4,30.1,19.3,5.4,6.3,34.2,102.5,14,86.7,13.9,121.8,68.8,Dunning,,NO,,,Shrubland,1,2,Omnivore,Omnivore,Generalist,25.78,54.12,41.75,-92.94,5678627.88
CAGO,Canada Goose,Anseriformes,Anatidae,Branta,canadensis,408,Anatidae,Anseriformes,AVIBASE-B59E1863,10,5,3,2,8,50,28.2,19.9,15.3,73.3,422.9,206.5,210.9,49.4,121.6,2811.7,Dunning,,NO,,,Grassland,3,3,Herbivore,Herbivore terrestrial,Terrestrial,26.42,73.07,53.3,-104.21,12236810.45
CARW,Carolina Wren,Passeriformes,Troglodytidae,Thryothorus,ludovicianus,8613,Troglodytidae,Passeriformes,AVIBASE-5217F951,13,3,6,4,10,16.9,11.1,3.2,3.9,21.4,59.4,6.8,52.6,11.4,50.7,19,Dunning,,NO,,,Woodland,2,1,Carnivore,Invertivore,Insessorial,21.45,45.64,35.21,-87.93,3040027.22
CHSW,Chimney Swift ,Caprimulgiformes,Apodidae,Chaetura,pelagica,1136,Apodidae,Caprimulgiformes,AVIBASE-C3AD1AFF,5,1,3,1,4,6.3,3.5,2.9,2.4,11.6,124.4,86.8,36.6,70.3,43.8,23.6,Dunning,,NO,,,Human Modified,1,3,Carnivore,Invertivore,Aerial,25.48,53.93,40.95,-88.88,5841319.17
CLSW,Cliff Swallow,Passeriformes,Hirundinidae,Petrochelidon,pyrrhonota,7697,Hirundinidae,Passeriformes,AVIBASE-F5C181CA,12,3,5,4,4,11.3,5.9,4.5,3,12.6,109.3,54.2,56.4,49,49.2,21.6,Dunning,,NO,,,Grassland,3,3,Carnivore,Invertivore,Aerial,16.24,66.98,46.7,-108.51,11994340.08
COGR,Common Grackle ,Passeriformes,Icteridae,Quiscalus,quiscula,10535,Icteridae,Passeriformes,AVIBASE-8BBB3255,10,4,6,0,4,33,21.8,7.3,10.5,35.6,132.9,34.3,98.2,25.9,118.2,105.2,Dunning,,NO,,,Wetland,3,2,Carnivore,Omnivore,Terrestrial,24.53,61.37,44.95,-93.93,8216640.27
COHA,Cooper's Hawk ,Accipitriformes,Accipitridae,Accipiter,cooperii,3123,Accipitridae,Accipitriformes,AVIBASE-EB98812F,5,2,3,0,4,25.4,13.9,8.6,13.2,62,241.2,77.8,163.5,32.3,188.4,429.7,Dunning,,NO,,,Woodland,2,3,Carnivore,Vertivore,Aerial,23.28,53.31,41.25,-100.49,8393137.06
CONI,Common Nighthawk,Caprimulgiformes,Caprimulgidae,Chordeiles,minor,1005,Caprimulgidae,Caprimulgiformes,AVIBASE-24E39ACD,10,4,2,4,4,12.7,6.1,3.3,2.7,16.7,192.8,118.7,76.6,60.7,104,79.3,Dunning,,NO,,,Grassland,3,3,Carnivore,Invertivore,Aerial,7.21,65.4,45.23,-100.42,13037233.58
COPO,Common Poorwill ,Caprimulgiformes,Caprimulgidae,Phalaenoptilus,nuttallii,1039,Caprimulgidae,Caprimulgiformes,AVIBASE-D621FFC6,5,2,3,0,4,13.9,6.2,4.2,2.6,17.2,144.2,62.2,83.2,42.8,85.4,48.3,Dunning,,NO,,,Shrubland,3,2,Carnivore,Invertivore,Generalist,21.41,51.9,37.31,-109.44,4384334.96
COYE,Common Yellowthroat ,Passeriformes,Parulidae,Geothlypis,trichas,10595,Parulidae,Passeriformes,AVIBASE-BA4C8A02,23,7,16,0,5,12.7,7.9,3,3.3,20.2,54.7,8.5,44.3,16.1,49.4,9.5,Dunning,,NO,,,Wetland,1,3,Carnivore,Invertivore,Insessorial,18.49,65.84,44.7,-101.34,12826786.25
DEJU,Dark-eyed Junco,Passeriformes,Passerellidae,Junco,hyemalis,10412,Passerellidae,Passeriformes,AVIBASE-05FF3C9B,8,3,5,0,4,11.6,7.8,4.5,5.3,21.1,75.2,16.4,58.6,21.9,63.8,19.5,Dunning,,NO,,,Forest,2,3,Herbivore,Granivore,Generalist,30.59,70.27,53.3,-109.7,10167654.77
DICK,Dickcissel ,Passeriformes,Cardinalidae,Spiza,americana,10710,Cardinalidae,Passeriformes,AVIBASE-592E58CE,9,4,5,0,4,15.1,9.8,5.5,7.5,22.3,77.9,20.3,56.8,26.4,56.1,26.2,Dunning,,NO,,,Grassland,3,3,Omnivore,Omnivore,Terrestrial,28.75,51.42,39.97,-94.69,3462252.57
DOWO,Downy Woodpecker,Piciformes,Picidae,Dryobates,pubescens,3972,Picidae,Piciformes,AVIBASE-1B2A6386,11,5,6,0,5,17.4,12.2,4.9,4.8,15.8,91.3,24.3,65.9,27,58.6,25.6,Dunning,,NO,,,Woodland,2,1,Carnivore,Invertivore,Insessorial,24.53,68.3,48.23,-104.67,12800223.82
EABL,Eastern Bluebird,Passeriformes,Turdidae,Sialia,sialis,8848,Turdidae,Passeriformes,AVIBASE-A8347C7D,4,2,2,0,4,15.4,9.1,4.2,4.5,19.7,95.8,31.4,64.4,32.8,62.5,27.5,Dunning,,NO,,,Woodland,2,2,Carnivore,Invertivore,Insessorial,12.85,53.98,38.51,-89.69,5460000
EAKI,Eastern Kingbird ,Passeriformes,Tyrannidae,Tyrannus,tyrannus,5734,Tyrannidae,Passeriformes,AVIBASE-082D833C,10,2,3,5,4,21.5,14.8,8.2,6.5,18.5,116.7,38.6,77.2,33.3,87.6,39.9,Dunning,,NO,,,Woodland,2,3,Carnivore,Invertivore,Insessorial,24.95,65.28,45.77,-98.88,9124093.16
EAME,Eastern Meadowlark ,Passeriformes,Icteridae,Sturnella,magna,10451,Icteridae,Passeriformes,AVIBASE-27410227,13,4,8,1,6,33.5,20,6.1,8.2,39.8,108.1,28.4,86.1,24.8,67.4,91.8,Dunning,,NO,,,Grassland,3,2,Carnivore,Invertivore,Terrestrial,-2.91,50.71,30.39,-84.52,7031582.36
EAPH,Eastern Phoebe ,Passeriformes,Tyrannidae,Sayornis,phoebe,5871,Tyrannidae,Passeriformes,AVIBASE-62CA2AF8,5,2,3,0,4,17.4,9.7,5.5,4.1,17.7,83.9,17.4,66.7,20.6,70.1,19.7,Dunning,,NO,,,Forest,2,3,Carnivore,Invertivore,Insessorial,28.79,65.21,47.3,-95.73,6246276.45
EATO,Eastern Towhee,Passeriformes,Passerellidae,Pipilo,erythrophthalmus,10360,Passerellidae,Passeriformes,AVIBASE-6090278A,13,6,7,0,8,15.4,9.8,5.5,8.2,27,82.3,11.1,70.8,13.6,91.7,40,Dunning,,NO,,,Forest,2,2,Herbivore,Omnivore,Generalist,24.53,51.51,39.13,-85.4,3162018.06
EAWP,Eastern Wood-Pewee,Passeriformes,Tyrannidae,Contopus,virens,5894,Tyrannidae,Passeriformes,AVIBASE-9891BF73,19,3,7,9,4,14.3,10,6.3,4,14.2,81,25.6,57,31,62.7,13.9,Dunning,,NO,,,Forest,1,3,Carnivore,Invertivore,Insessorial,27.9,50.6,40.17,-86.94,4080253.15
EUST,European Starling,Passeriformes,Sturnidae,Sturnus,vulgaris,8683,Sturnidae,Passeriformes,AVIBASE-94A44032,28,11,17,0,10,30.2,18.5,6.6,6.5,29,128.3,49.2,79.1,38.4,65.8,77.1,Dunning,,NO,,,Human Modified,3,2,Omnivore,Omnivore,Insessorial,24.55,71.19,50.32,52.41,17082191.68
FISP,Field Sparrow,Passeriformes,Passerellidae,Spizella,pusilla,10300,Passerellidae,Passeriformes,AVIBASE-E23F6DE0,5,2,3,0,3,10.4,6.6,4.3,5.2,17.9,64.4,10.8,53.5,16.7,62,12.5,Dunning,,NO,,,Grassland,2,2,Omnivore,Granivore,Generalist,28.87,49.98,39.43,-90.09,3997616.97
GCFL,Great Crested Flycatcher ,Passeriformes,Tyrannidae,Myiarchus,crinitus,5763,Tyrannidae,Passeriformes,AVIBASE-8D6D5F2B,18,4,6,8,4,22.7,15.5,8.5,6.9,21.8,98.8,21.6,79.4,21.4,88.1,32.1,Dunning,,NO,,,Woodland,1,3,Omnivore,Invertivore,Insessorial,8.61,55.55,40.77,-88.84,5137539.15
GHOW,Great Horned Owl ,Strigiformes,Strigidae,Bubo,virginianus,2926,Strigidae,Strigiformes,AVIBASE-FC366114,4,2,2,0,4,44.7,24.7,17.8,25.4,75.4,371.2,112.7,258.5,30.4,197,1354.5,Updated_literature,Earhart & Johnson (1970),NO,,,Forest,2,1,Carnivore,Vertivore,Insessorial,-35.8,68.52,34.04,-94.19,24426738.59
GOEA,Golden Eagle,Accipitriformes,Accipitridae,Aquila,chrysaetos,3050,Accipitridae,Accipitriformes,AVIBASE-5F8E7CA8,8,2,6,0,8,56.8,37,18.5,28.4,101.4,603.1,221.2,381.9,36.7,307.1,4248,Dunning,,NO,,,Grassland,3,2,Carnivore,Vertivore,Aerial,6.36,71.12,50.67,38.05,39450257.98
GRCA,Gray Catbird ,Passeriformes,Mimidae,Dumetella,carolinensis,8816,Mimidae,Passeriformes,AVIBASE-95B77F08,16,5,5,6,7,19.2,11.1,4,4.8,27.4,90.7,16.8,73.4,18.6,90.3,35.3,Dunning,,NO,,,Shrubland,1,3,Omnivore,Invertivore,Insessorial,28.33,55.06,42.61,-95.25,6824562.12
GRPC,Greater Prairie-Chicken,Galliformes,Phasianidae,Tympanuchus,cupido,370,Phasianidae,Galliformes,AVIBASE-F59448B7,5,0,4,1,4,23.5,12.5,8.7,9,41.8,204.8,86.4,116.1,42.7,82,870.1,Dunning,,NO,,,Grassland,3,1,Herbivore,Granivore,Terrestrial,28.74,47.96,41.99,-98.5,402889.24
GRSP,Grasshopper Sparrow,Passeriformes,Passerellidae,Ammodramus,savannarum,10321,Passerellidae,Passeriformes,AVIBASE-5BFFE091,6,3,3,0,5,13.8,8.2,4.5,6.1,20.1,58.2,12.3,46,21.1,41.4,17.6,Dunning,,NO,,,Grassland,3,2,Omnivore,Invertivore,Generalist,3.31,51.58,40.3,-94.6,5240933.14
GTGR,Great-tailed Grackle,Passeriformes,Icteridae,Quiscalus,mexicanus,10540,Icteridae,Passeriformes,AVIBASE-5CBA3391,18,8,10,0,4,43.3,29.2,8.2,11.5,47.9,168.6,46,126.4,26.8,170.1,160.5,Dunning,,NO,,,Human Modified,3,1,Omnivore,Omnivore,Terrestrial,-3.64,43.84,29.28,-101.43,5121812.21
HAWO,Hairy Woodpecker ,Piciformes,Picidae,Dryobates,villosus,3975,Picidae,Piciformes,AVIBASE-9D06AF89,11,5,5,1,4,31.6,24.1,8.2,8.1,23.1,126.7,32.4,95.5,25.3,81.7,62.7,Dunning,NA,NO,NA,NA,Forest,1,1,Carnivore,Invertivore,Insessorial,8.48,68.73,47.81,-105.59,13332874.44
HESP,Henslow's Sparrow ,Passeriformes,Passerellidae,Centronyx,henslowii,,,,,,,,,,,,,,,,,,,,,,,,,,,,,,,,,,,,
HOLA,Horned Lark ,Passeriformes,Alaudidae,Eremophila,alpestris,7331,Alaudidae,Passeriformes,AVIBASE-FC0A1D95,14,6,8,0,4,13.9,9.2,4.2,5,23.5,108.1,41.7,66.2,38.6,71.4,33.3,Dunning,,NO,,,Grassland,3,3,Omnivore,Omnivore,Terrestrial,4.06,77.73,53.86,4.61,35118904.89
HOWR,House Wren ,Passeriformes,Troglodytidae,Troglodytes,aedon,8598,Troglodytidae,Passeriformes,AVIBASE-7B6E99A9,104,12,20,72,26,15.9,9.8,3,3.1,20.1,51.4,6.7,44.9,12.9,41.1,10.9,Dunning,,NO,,,Shrubland,3,1,Carnivore,Invertivore,Insessorial,-55.72,59.66,4.96,-75.18,25653883.47
INBU,Indigo Bunting ,Passeriformes,Cardinalidae,Passerina,cyanea,10711,Cardinalidae,Passeriformes,AVIBASE-043F337A,31,15,16,0,15,11.7,7.6,5.1,6.2,17.2,64.8,14.7,50.3,22.5,48.9,14.7,Dunning,,NO,,,Shrubland,2,3,Herbivore,Granivore,Terrestrial,24.53,52.55,39.21,-91.56,5700834.65
KEWA,Kentucky Warbler ,Passeriformes,Parulidae,Geothlypis,formosa,10588,Parulidae,Passeriformes,AVIBASE-8C105C3C,19,4,13,2,4,13.8,8.7,3.5,3.7,22.8,66.9,16.6,50,24.9,48.1,14,Dunning,,NO,,,Forest,1,3,Carnivore,Invertivore,Generalist,29.58,44.47,36.24,-86.53,1970256.38
KILL,Killdeer,Charadriiformes,Charadriidae,Charadrius,vociferus,2373,Charadriidae,Charadriiformes,AVIBASE-BCF9A19A,4,2,2,0,4,21.5,13.1,3.5,4.2,34.4,158.8,83.5,75.2,52.6,85.8,96.4,Dunning,,NO,,,Wetland,3,3,Carnivore,Omnivore,Terrestrial,-18.69,68.94,44.7,-102.9,14759088.1
LALO,Lapland Longspur ,Passeriformes,Calcariidae,Calcarius,lapponicus,10246,Calcariidae,Passeriformes,AVIBASE-3534E4CE,7,1,6,0,4,12.3,8.9,5.8,6.8,21.1,94.9,29,65.7,30.7,67.8,27.8,Dunning,,NO,,,Grassland,3,3,Herbivore,Granivore,Terrestrial,50.82,83.11,68.82,-6.27,8536158.76
LASP,Lark Sparrow ,Passeriformes,Passerellidae,Chondestes,grammacus,10305,Passerellidae,Passeriformes,AVIBASE-78509A5D,5,2,3,0,4,15.1,9.7,5.1,7.1,20.1,85.5,24.7,60.9,28.8,64.3,29,Dunning,,NO,,,Shrubland,3,2,Herbivore,Granivore,Generalist,20.37,52.1,38.78,-103.76,5604939.24
LOSH,Loggerhead Shrike,Passeriformes,Laniidae,Lanius,ludovicianus,6902,Laniidae,Passeriformes,AVIBASE-36171C2B,11,2,9,0,4,21.1,12.3,6.5,8.8,27.7,96.4,21.7,74.2,22.6,96.7,51.6,Dunning,,NO,,,Shrubland,3,3,Carnivore,Invertivore,Insessorial,16.1,55.52,38.03,-101.11,8852504.29
MODO,Mourning Dove ,Columbiformes,Columbidae,Zenaida,macroura,717,Columbidae,Columbiformes,AVIBASE-00124D98,15,5,7,3,6,19.6,9.3,2.7,3.4,19.6,144.4,53.1,91.6,36.6,122.2,118.9,Dunning,,NO,,,Human Modified,3,1,Herbivore,Granivore,Terrestrial,7.45,56.32,39.64,-99.32,11131808.01
NOBO,Northern Bobwhite,Galliformes,Odontophoridae,Colinus,virginianus,153,Odontophoridae,Galliformes,AVIBASE-91CCBC71,4,2,2,0,4,14.9,8.6,7,8.4,29.6,109.8,30.3,79.4,27.6,56.8,171.9,Dunning,,NO,,,Human Modified,2,1,Herbivore,Omnivore,Terrestrial,14.51,45.69,34.48,-91.61,4364464.18
NOCA,Northern Cardinal,Passeriformes,Cardinalidae,Cardinalis,cardinalis,10744,Cardinalidae,Passeriformes,AVIBASE-4E74AE22,64,24,40,0,8,17.6,14.7,9.3,12.3,24.5,93.5,14.2,77.7,15.5,101.8,42.6,Dunning,,NO,,,Shrubland,2,1,Herbivore,Omnivore,Insessorial,15.65,47.34,34.85,-92.41,5834572.06
NOFL,Northern Flicker,Piciformes,Picidae,Colaptes,auratus,3870,Picidae,Piciformes,AVIBASE-2B7F2525,14,7,7,0,10,38.4,27.6,8.2,7.9,28.4,151.8,37.5,114.3,24.8,105.3,131.5,Dunning,,NO,,,Shrubland,2,2,Carnivore,Invertivore,Generalist,19.26,68.71,50.48,-99.78,10804791.76
NOHA,Northern Harrier,Accipitriformes,Accipitridae,Circus,hudsonius,3079,Accipitridae,Accipitriformes,AVIBASE-A091D50A,4,2,2,0,4,31.1,17.2,10.1,13.2,82,360.9,161.1,199.8,44.6,212.9,393,DataFromSplit,,NO,,,Grassland,3,3,Carnivore,Vertivore,Aerial,30.02,69.8,52.86,-111.67,12347245.55
NRWS,Northern Rough-winged Swallow,Passeriformes,Hirundinidae,Stelgidopteryx,serripennis,7753,Hirundinidae,Passeriformes,AVIBASE-B90C04E9,21,9,8,4,5,10.5,4.8,3.4,2.5,11,107.5,55.1,53.6,50.7,47.8,15.7,Dunning,,NO,,,Shrubland,3,3,Carnivore,Invertivore,Aerial,9.87,56.43,39.57,-100.58,9837317.43
NSHR,Northern Shrike,Passeriformes,Laniidae,Lanius,borealis,6905,Laniidae,Passeriformes,AVIBASE-76158864,0,0,0,0,0,23.2,13.9,6.9,9.3,29.4,109.2,28.7,80.4,26.3,106.2,63.4,DataFromSplit,,YES,Beak Culmen; Beak Nares; Beak Width; Beak Depth; Tarsus Length; Wing Length; Kipp's Distance; Secondary1; Hand-Wing Index; Tail Length,Lanius excubitor,Shrubland,3,3,Carnivore,Vertivore,Insessorial,42.5,70.01,60.4,41.46,11997297.51
OROR,Orchard Oriole,Passeriformes,Passeriformes,Icterus,spurius,10505,Icteridae,Passeriformes,AVIBASE-E2014696,16,7,9,0,4,17.2,11.6,4.4,5.3,21.5,77,20.9,56.6,26.9,67,19.4,Dunning,,NO,,,Forest,2,3,Carnivore,Invertivore,Insessorial,19,50.57,36.74,-92.53,4790205.22
PISI,Pine Siskin,Passeriformes,Fringillidae,Spinus,pinus,10228,Fringillidae,Passeriformes,AVIBASE-B48335B1,5,2,3,0,4,14,9,4.3,5.5,13.9,72.4,25.6,47,35.2,48.3,12.7,Dunning,,NO,,,Forest,1,1,Herbivore,Granivore,Insessorial,14.9,65.72,49.57,-108.01,7806130.28
RBWO,Red-bellied Woodpecker ,Piciformes,Picidae,Melanerpes,carolinus,3937,Picidae,Piciformes,AVIBASE-078557F2,10,4,6,0,5,32.6,21.6,7.1,7.6,21.1,127.2,35.5,90.4,28.2,76.8,69.5,Dunning,,NO,,,Woodland,1,1,Omnivore,Omnivore,Insessorial,24.53,46.9,36.96,-88,3074161.82
RHWO,Red-headed Woodpecker ,Piciformes,Picidae,Melanerpes,erythrocephalus,3920,Picidae,Piciformes,AVIBASE-448D91B7,6,2,3,1,4,27.3,20.3,7.6,7.4,20.6,139.7,40.6,98.9,29.1,83.3,71.6,Dunning,,NO,,,Forest,1,1,Carnivore,Invertivore,Insessorial,25.64,51.7,40.26,-93.26,5461683.2
RLHA,Rough-legged Hawk,Accipitriformes,Accipitridae,Buteo,lagopus,3198,Accipitridae,Accipitriformes,AVIBASE-90B13ACF,7,3,4,0,4,34.5,20.2,11.7,15.9,72.3,428.3,180.3,248.5,42.1,240,949.8,Dunning,,NO,,,Grassland,3,3,Carnivore,Vertivore,Insessorial,47.6,83.11,67.33,2.14,9709846.76
RNEP,Ring-necked Pheasant,Galliformes,Phasianidae,Phasianus,colchicus,329,Phasianidae,Galliformes,AVIBASE-2FA39DCD,9,3,6,0,4,35.4,22,12.9,11.4,63.3,237.7,61.3,175.8,25.8,449.8,1120.3,Dunning,,NO,,,Human Modified,2,1,Herbivore,Omnivore,Terrestrial,20.23,53.22,38.76,101.53,7426719.32
RTHA,Red-tailed Hawk,Accipitriformes,Accipitridae,Buteo,jamaicensis,3196,Accipitridae,Accipitriformes,AVIBASE-536A5157,5,2,3,0,4,37.6,22.9,14.4,20.2,80.9,402.8,139.9,270.8,34.1,212.2,1101.2,Dunning,,NO,,,Woodland,2,3,Carnivore,Vertivore,Insessorial,8.36,68.66,45.5,-105.33,15462822.34
RWBL,Red-winged Blackbird,Passeriformes,Icteridae,Agelaius,phoeniceus,10522,Icteridae,Passeriformes,AVIBASE-C86D078E,7,2,5,0,6,22.7,15.4,5.6,8.8,28,118,27.8,88.9,24,88.9,50.8,Dunning,,NO,,,Wetland,3,3,Herbivore,Granivore,Generalist,9.66,67.41,44.62,-102.04,13703226.95
SEOW,Short-eared Owl,Strigiformes,Strigidae,Asio,flammeus,2875,Strigidae,Strigiformes,AVIBASE-8F123A11,5,2,2,1,4,27.3,13.7,9,13,42.5,297.2,141,156.2,47.5,146.5,322.6,Dunning,,NO,,,Grassland,3,3,Carnivore,Vertivore,Aerial,-55.05,74.25,49.62,11.33,39874062.36
SEWR,Sedge Wren,Passeriformes,Troglodytidae,Cistothorus,stellaris,8608,Troglodytidae,Passeriformes,AVIBASE-43D33E03,1,0,1,0,0,11.9,7.7,2.3,2.7,16,45,6.1,39.6,13.4,36,9,DataFromSplit,,YES,Beak Nares; Kipp's Distance; Secondary1; Hand-Wing Index,Cistothorus platensis,Grassland,3,2,Carnivore,Invertivore,Insessorial,37.7,55.64,45.92,-92.87,1872123
SOSP,Song Sparrow,Passeriformes,Passerellidae,Melospiza,melodia,10441,Passerellidae,Passeriformes,AVIBASE-A5F09E05,6,2,3,1,5,13.4,8.5,5.3,6.7,21.5,66.3,13.2,52.6,20.1,67.2,21.9,Dunning,,NO,,,Shrubland,2,2,Omnivore,Omnivore,Generalist,18.99,62.57,47.88,-103.48,10313728.38
SPTO,Spotted Towhee,Passeriformes,Passerellidae,Pipilo,maculatus,10358,Passerellidae,Passeriformes,AVIBASE-0B0BC750,13,5,8,0,13,17.4,10.3,6,8,28.4,85.8,11.8,74,13.7,99.4,39.3,Dunning,,NO,,,Forest,2,2,Omnivore,Omnivore,Generalist,14.26,54.19,41.83,-112.1,3630810.42
STFL,Scissor-tailed Flycatcher,Passeriformes,Tyrannidae,Tyrannus,forficatus,5738,Tyrannidae,Passeriformes,AVIBASE-6F65F82B,5,2,3,0,3,22.4,13.9,7.6,6,18.6,121.2,45.1,74.9,37.5,214,39.3,Dunning,,NO,,,Human Modified,2,3,Omnivore,Invertivore,Insessorial,24.1,40.59,33.46,-98.04,1445850.08
SUTA,Summer Tanager,Passeriformes,Cardinalidae,Piranga,rubra,10739,Cardinalidae,Passeriformes,AVIBASE-891798D9,57,25,29,3,10,19.2,13.3,8.4,9,19.5,92,27.9,67.4,29.2,71.3,29.1,Dunning,,NO,,,Forest,1,3,Carnivore,Invertivore,Insessorial,24.5,42.5,33.47,-93.77,3269576.69
TUTI,Tufted Titmouse,Passeriformes,Paridae,Baeolophus,bicolor,7196,Paridae,Passeriformes,AVIBASE-B488AB70,17,5,10,2,11,13.3,8.8,4.9,5.5,20.5,77.9,12.5,65.2,16.1,68.6,21.6,Dunning,,NO,,,Forest,1,1,Carnivore,Invertivore,Insessorial,25.84,45.77,36.97,-86.71,2969712.5
TUVU,Turkey Vulture,Cathartiformes,Cathartidae,Cathartes,aura,2953,Cathartidae,Cathartiformes,AVIBASE-36B3872D,6,0,2,4,4,51.5,27.6,14.3,17.2,54,508.5,135.6,369,26.9,244,1518.2,Dunning,,NO,,,Human Modified,3,2,Scavenger,Scavenger,Terrestrial,-55.72,54.31,6.76,-77.26,28126442.74
UPSA,Upland Sandpiper,Charadriiformes,Scolopacidae,Bartramia,longicauda,2446,Scolopacidae,Charadriiformes,AVIBASE-BF1DA86E,5,2,3,0,4,32.9,21.5,3.4,3.8,48.7,159,83.7,74.8,52.9,79.4,158.9,Dunning,,NO,,,Grassland,3,3,Carnivore,Invertivore,Terrestrial,35.81,69.33,49.36,-105.81,3282893.45
WAVI,Warbling Vireo,Passeriformes,Vireonidae,Vireo,gilvus,6399,Vireonidae,Passeriformes,AVIBASE-66AA469C,21,5,13,3,11,14.3,7.5,3.7,3.7,17.6,70.1,16.5,53.5,23.5,51.3,12.7,Dunning,,NO,,,Forest,1,3,Carnivore,Invertivore,Insessorial,16.11,66.86,45.21,-105.84,9680437.56
WEKI,Western Kingbird,Passeriformes,Tyrannidae,Tyrannus,verticalis,5733,Tyrannidae,Passeriformes,AVIBASE-2281F1C7,4,2,2,0,4,21.8,13.5,7.5,6.4,18.3,126.1,41.9,84.3,33.2,89.9,39.6,Dunning,,NO,,,Shrubland,3,3,Carnivore,Invertivore,Insessorial,26.05,53.7,40.94,-108.96,5067458.79
WITU,Wild Turkey,Galliformes,Phasianidae,Meleagris,gallopavo,350,Phasianidae,Galliformes,AVIBASE-9C5ED06A,5,2,3,0,4,48.6,25.9,17.6,15.3,149.2,448.8,115,332.5,26,351.2,5791.4,Dunning,,NO,,,Forest,2,1,Herbivore,Omnivore,Terrestrial,16.91,50.63,37.44,-98.2,7259958.92
YBCU,Yellow-billed Cuckoo,Cuculiformes,Cuculidae,Coccyzus,americanus,1653,Cuculidae,Cuculiformes,AVIBASE-0CF12F81,12,3,7,2,4,29.2,20,7,8.2,24.5,143.4,62.4,82.6,43,146.3,64,Dunning,,NO,,,Forest,1,3,Carnivore,Invertivore,Insessorial,-14.02,48.99,36.04,-90.96,5270361.03
YEWA,Yellow Warbler,Passeriformes,Parulidae,Setophaga,petechia,10612,Parulidae,Passeriformes,AVIBASE-A6C0C4A9,92,45,24,23,8,11.7,8,3.4,3.2,20,60.2,14.1,45.7,23.6,43.3,10.2,Dunning,,NO,,,Shrubland,1,3,Carnivore,Invertivore,Insessorial,-3.94,70.64,50.59,-108.69,15552185.22
